101	11:49-49	8.523045	1	SimCSE_crossencoder
101	1:7-7	8.150211	2	SimCSE_crossencoder
101	20:83-85	7.9751225	3	SimCSE_crossencoder
101	77:41-44	7.817894	4	SimCSE_crossencoder
101	15:78-79	7.7497044	5	SimCSE_crossencoder
101	52:48-49	7.638278	6	SimCSE_crossencoder
101	2:1-2	7.3294063	7	SimCSE_crossencoder
101	108:1-3	7.1284957	8	SimCSE_crossencoder
101	18:7-8	7.026105	9	SimCSE_crossencoder
101	96:6-8	4.0408554	10	SimCSE_crossencoder
102	28:20-21	8.776522	1	SimCSE_crossencoder
102	7:142-143	8.505385	2	SimCSE_crossencoder
102	10:87-89	8.48469	3	SimCSE_crossencoder
102	5:20-26	8.454073	4	SimCSE_crossencoder
102	21:48-50	8.3302765	5	SimCSE_crossencoder
102	20:83-85	8.278618	6	SimCSE_crossencoder
102	26:41-51	8.093244	7	SimCSE_crossencoder
102	28:7-13	7.7093725	8	SimCSE_crossencoder
102	1:7-7	7.667879	9	SimCSE_crossencoder
102	15:78-79	4.9714565	10	SimCSE_crossencoder
103	5:78-81	8.572798	1	SimCSE_crossencoder
103	18:57-59	8.509283	2	SimCSE_crossencoder
103	75:26-35	8.241917	3	SimCSE_crossencoder
103	8:50-51	7.8904705	4	SimCSE_crossencoder
103	2:97-98	7.8379335	5	SimCSE_crossencoder
103	95:7-8	7.694376	6	SimCSE_crossencoder
103	2:1-2	7.1262417	7	SimCSE_crossencoder
103	6:8-11	7.018977	8	SimCSE_crossencoder
103	20:114-114	6.200798	9	SimCSE_crossencoder
103	94:1-4	5.865696	10	SimCSE_crossencoder
105	4:25-25	9.120329	1	SimCSE_crossencoder
105	2:231-232	8.978577	2	SimCSE_crossencoder
105	2:240-242	8.926144	3	SimCSE_crossencoder
105	33:59-59	8.868898	4	SimCSE_crossencoder
105	31:14-15	8.777914	5	SimCSE_crossencoder
105	2:233-233	8.744307	6	SimCSE_crossencoder
105	11:49-49	8.497826	7	SimCSE_crossencoder
105	78:1-5	7.6607895	8	SimCSE_crossencoder
105	102:1-4	7.638032	9	SimCSE_crossencoder
105	102:5-8	6.842297	10	SimCSE_crossencoder
106	5:78-81	9.156541	1	SimCSE_crossencoder
106	3:42-44	9.062697	2	SimCSE_crossencoder
106	43:57-66	8.886536	3	SimCSE_crossencoder
106	3:45-51	8.845522	4	SimCSE_crossencoder
106	5:74-77	8.786011	5	SimCSE_crossencoder
106	33:59-59	8.418854	6	SimCSE_crossencoder
106	2:226-227	8.240888	7	SimCSE_crossencoder
106	19:16-33	8.098442	8	SimCSE_crossencoder
106	1:7-7	7.2924156	9	SimCSE_crossencoder
106	94:1-4	7.0806994	10	SimCSE_crossencoder
107	7:1-3	7.604763	1	SimCSE_crossencoder
107	107:4-7	7.5812316	2	SimCSE_crossencoder
107	1:7-7	7.458718	3	SimCSE_crossencoder
107	102:1-4	7.3192167	4	SimCSE_crossencoder
107	11:49-49	7.043887	5	SimCSE_crossencoder
107	95:7-8	6.9058924	6	SimCSE_crossencoder
107	2:1-2	6.738327	7	SimCSE_crossencoder
107	45:36-37	6.7099586	8	SimCSE_crossencoder
107	107:1-3	5.97816	9	SimCSE_crossencoder
107	96:6-8	5.5883265	10	SimCSE_crossencoder
108	7:154-156	9.463801	1	SimCSE_crossencoder
108	20:17-24	9.092775	2	SimCSE_crossencoder
108	44:51-59	9.091695	3	SimCSE_crossencoder
108	21:48-50	8.98603	4	SimCSE_crossencoder
108	28:20-21	8.900421	5	SimCSE_crossencoder
108	7:138-140	8.484463	6	SimCSE_crossencoder
108	20:83-85	8.445693	7	SimCSE_crossencoder
108	114:1-6	8.203363	8	SimCSE_crossencoder
108	1:7-7	7.1440477	9	SimCSE_crossencoder
108	2:1-2	6.869592	10	SimCSE_crossencoder
109	69:1-8	8.268696	1	SimCSE_crossencoder
109	88:8-16	8.262751	2	SimCSE_crossencoder
109	11:49-49	7.8476915	3	SimCSE_crossencoder
109	1:7-7	7.5496845	4	SimCSE_crossencoder
109	107:1-3	6.642115	5	SimCSE_crossencoder
109	92:8-11	6.6143885	6	SimCSE_crossencoder
109	102:1-4	6.0319505	7	SimCSE_crossencoder
109	2:1-2	4.585765	8	SimCSE_crossencoder
109	96:6-8	4.0329533	9	SimCSE_crossencoder
109	95:7-8	2.6314178	10	SimCSE_crossencoder
110	26:90-104	8.928257	1	SimCSE_crossencoder
110	79:34-41	8.829027	2	SimCSE_crossencoder
110	32:18-22	8.448149	3	SimCSE_crossencoder
110	66:9-9	8.423248	4	SimCSE_crossencoder
110	85:12-16	7.3719606	5	SimCSE_crossencoder
110	37:133-138	7.297963	6	SimCSE_crossencoder
110	1:7-7	6.9459977	7	SimCSE_crossencoder
110	55:14-16	6.869798	8	SimCSE_crossencoder
110	2:1-2	5.7600307	9	SimCSE_crossencoder
110	96:6-8	5.4976645	10	SimCSE_crossencoder
111	1:7-7	7.972809	1	SimCSE_crossencoder
111	7:1-3	7.741856	2	SimCSE_crossencoder
111	11:49-49	7.1237707	3	SimCSE_crossencoder
111	40:78-78	7.0828648	4	SimCSE_crossencoder
111	100:1-5	6.8867326	5	SimCSE_crossencoder
111	2:1-2	6.781356	6	SimCSE_crossencoder
111	88:8-16	6.485463	7	SimCSE_crossencoder
111	94:1-4	4.883383	8	SimCSE_crossencoder
111	20:114-114	3.5078633	9	SimCSE_crossencoder
111	107:4-7	1.8691094	10	SimCSE_crossencoder
112	6:8-11	8.1140785	1	SimCSE_crossencoder
112	67:1-5	8.032465	2	SimCSE_crossencoder
112	2:247-248	8.030642	3	SimCSE_crossencoder
112	38:17-20	7.949532	4	SimCSE_crossencoder
112	25:1-2	7.8811445	5	SimCSE_crossencoder
112	25:7-10	7.7498765	6	SimCSE_crossencoder
112	114:1-6	7.5431437	7	SimCSE_crossencoder
112	2:1-2	6.9664626	8	SimCSE_crossencoder
112	20:114-114	6.550377	9	SimCSE_crossencoder
112	11:12-12	6.1779313	10	SimCSE_crossencoder
115	88:8-16	7.788186	1	SimCSE_crossencoder
115	21:76-77	7.7060285	2	SimCSE_crossencoder
115	74:8-10	7.6100903	3	SimCSE_crossencoder
115	11:49-49	7.389006	4	SimCSE_crossencoder
115	94:1-4	7.0539703	5	SimCSE_crossencoder
115	20:114-114	6.6133046	6	SimCSE_crossencoder
115	1:7-7	5.7775364	7	SimCSE_crossencoder
115	107:1-3	5.422556	8	SimCSE_crossencoder
115	2:1-2	3.830307	9	SimCSE_crossencoder
115	95:7-8	3.1416593	10	SimCSE_crossencoder
116	67:1-5	7.7283936	1	SimCSE_crossencoder
116	4:163-166	7.664887	2	SimCSE_crossencoder
116	25:1-2	7.6241283	3	SimCSE_crossencoder
116	21:69-73	7.5963564	4	SimCSE_crossencoder
116	12:33-35	7.473074	5	SimCSE_crossencoder
116	6:74-79	7.0894012	6	SimCSE_crossencoder
116	2:1-2	6.925644	7	SimCSE_crossencoder
116	114:1-6	6.875594	8	SimCSE_crossencoder
116	17:1-1	6.543846	9	SimCSE_crossencoder
116	1:5-6	6.131691	10	SimCSE_crossencoder
118	55:14-16	7.4043937	1	SimCSE_crossencoder
118	86:1-4	7.1146073	2	SimCSE_crossencoder
118	114:1-6	7.030526	3	SimCSE_crossencoder
118	100:1-5	6.831848	4	SimCSE_crossencoder
118	23:1-11	6.776408	5	SimCSE_crossencoder
118	37:133-138	6.5791903	6	SimCSE_crossencoder
118	1:7-7	6.545557	7	SimCSE_crossencoder
118	1:5-6	6.422801	8	SimCSE_crossencoder
118	2:1-2	5.996237	9	SimCSE_crossencoder
118	95:7-8	5.035349	10	SimCSE_crossencoder
119	69:1-8	8.391659	1	SimCSE_crossencoder
119	8:50-51	8.371741	2	SimCSE_crossencoder
119	91:11-15	7.612098	3	SimCSE_crossencoder
119	107:4-7	7.5621552	4	SimCSE_crossencoder
119	1:7-7	6.92644	5	SimCSE_crossencoder
119	94:1-4	6.747364	6	SimCSE_crossencoder
119	107:1-3	6.4768023	7	SimCSE_crossencoder
119	95:7-8	6.3193994	8	SimCSE_crossencoder
119	96:6-8	6.1718006	9	SimCSE_crossencoder
119	2:1-2	5.190177	10	SimCSE_crossencoder
120	27:15-19	9.289904	1	SimCSE_crossencoder
120	59:18-20	9.083754	2	SimCSE_crossencoder
120	6:118-121	9.007994	3	SimCSE_crossencoder
120	12:36-42	8.956966	4	SimCSE_crossencoder
120	2:172-173	8.939187	5	SimCSE_crossencoder
120	8:50-51	8.864458	6	SimCSE_crossencoder
120	37:167-170	8.33534	7	SimCSE_crossencoder
120	20:114-114	8.190728	8	SimCSE_crossencoder
120	86:1-4	8.008403	9	SimCSE_crossencoder
120	75:16-19	7.5465264	10	SimCSE_crossencoder
121	3:45-51	9.38818	1	SimCSE_crossencoder
121	4:11-12	9.265798	2	SimCSE_crossencoder
121	4:12-14	9.13098	3	SimCSE_crossencoder
121	19:88-95	9.103958	4	SimCSE_crossencoder
121	4:176-176	9.074812	5	SimCSE_crossencoder
121	40:67-68	9.026089	6	SimCSE_crossencoder
121	25:1-2	8.986551	7	SimCSE_crossencoder
121	94:1-4	8.073729	8	SimCSE_crossencoder
121	112:1-4	7.92557	9	SimCSE_crossencoder
121	90:1-4	7.690316	10	SimCSE_crossencoder
122	3:45-51	9.39355	1	SimCSE_crossencoder
122	11:103-108	9.27795	2	SimCSE_crossencoder
122	2:224-225	9.242342	3	SimCSE_crossencoder
122	22:1-2	9.173228	4	SimCSE_crossencoder
122	4:137-139	9.070581	5	SimCSE_crossencoder
122	10:1-2	8.993263	6	SimCSE_crossencoder
122	40:59-60	8.937895	7	SimCSE_crossencoder
122	34:28-30	8.935909	8	SimCSE_crossencoder
122	22:3-4	8.849804	9	SimCSE_crossencoder
122	2:188-188	8.076797	10	SimCSE_crossencoder
123	9:128-129	6.698154	1	SimCSE_crossencoder
123	2:1-2	5.5565085	2	SimCSE_crossencoder
123	21:76-77	5.295655	3	SimCSE_crossencoder
123	95:7-8	5.1763825	4	SimCSE_crossencoder
123	100:1-5	5.1632814	5	SimCSE_crossencoder
123	1:7-7	4.6974764	6	SimCSE_crossencoder
123	107:1-3	4.634736	7	SimCSE_crossencoder
123	21:91-91	3.9493856	8	SimCSE_crossencoder
123	7:180-180	3.610444	9	SimCSE_crossencoder
123	67:12-12	3.0883744	10	SimCSE_crossencoder
125	56:27-40	8.885942	1	SimCSE_crossencoder
125	24:39-40	8.822437	2	SimCSE_crossencoder
125	104:1-9	8.793052	3	SimCSE_crossencoder
125	38:49-54	8.626983	4	SimCSE_crossencoder
125	3:42-44	8.29608	5	SimCSE_crossencoder
125	7:1-3	7.694985	6	SimCSE_crossencoder
125	86:1-4	7.205814	7	SimCSE_crossencoder
125	1:7-7	6.49646	8	SimCSE_crossencoder
125	11:49-49	5.862137	9	SimCSE_crossencoder
125	2:1-2	5.4982224	10	SimCSE_crossencoder
127	47:12-15	8.991852	1	SimCSE_crossencoder
127	86:5-10	8.478984	2	SimCSE_crossencoder
127	2:257-257	8.461649	3	SimCSE_crossencoder
127	74:8-10	7.849284	4	SimCSE_crossencoder
127	86:1-4	7.451355	5	SimCSE_crossencoder
127	11:49-49	7.4105086	6	SimCSE_crossencoder
127	1:7-7	6.0332065	7	SimCSE_crossencoder
127	1:5-6	5.3668485	8	SimCSE_crossencoder
127	96:6-8	5.041885	9	SimCSE_crossencoder
127	2:1-2	3.7287164	10	SimCSE_crossencoder
128	12:33-35	9.303963	1	SimCSE_crossencoder
128	12:36-42	8.919477	2	SimCSE_crossencoder
128	4:31-31	8.685974	3	SimCSE_crossencoder
128	6:42-45	8.613045	4	SimCSE_crossencoder
128	40:1-4	8.5561075	5	SimCSE_crossencoder
128	21:91-91	7.668373	6	SimCSE_crossencoder
128	1:7-7	7.6635876	7	SimCSE_crossencoder
128	95:7-8	7.028567	8	SimCSE_crossencoder
128	100:1-5	6.567164	9	SimCSE_crossencoder
128	2:1-2	6.0952244	10	SimCSE_crossencoder
129	11:41-44	9.104503	1	SimCSE_crossencoder
129	34:10-13	9.046431	2	SimCSE_crossencoder
129	22:19-22	9.014009	3	SimCSE_crossencoder
129	15:80-84	9.012483	4	SimCSE_crossencoder
129	23:1-11	8.894154	5	SimCSE_crossencoder
129	78:17-20	8.740789	6	SimCSE_crossencoder
129	101:1-5	8.719709	7	SimCSE_crossencoder
129	13:35-35	8.431169	8	SimCSE_crossencoder
129	88:17-20	8.19451	9	SimCSE_crossencoder
129	1:7-7	6.8992186	10	SimCSE_crossencoder
132	69:1-8	8.856495	1	SimCSE_crossencoder
132	107:1-3	8.066097	2	SimCSE_crossencoder
132	107:4-7	7.515191	3	SimCSE_crossencoder
132	1:5-6	7.421052	4	SimCSE_crossencoder
132	1:7-7	7.335001	5	SimCSE_crossencoder
132	103:1-3	7.127527	6	SimCSE_crossencoder
132	2:1-2	7.085068	7	SimCSE_crossencoder
132	102:5-8	7.0749297	8	SimCSE_crossencoder
132	86:1-4	7.0365515	9	SimCSE_crossencoder
132	95:7-8	6.8394704	10	SimCSE_crossencoder
133	5:6-6	9.023292	1	SimCSE_crossencoder
133	54:18-22	9.013993	2	SimCSE_crossencoder
133	51:15-23	9.009667	3	SimCSE_crossencoder
133	18:32-44	8.9995165	4	SimCSE_crossencoder
133	7:163-163	8.82757	5	SimCSE_crossencoder
133	8:50-51	8.812437	6	SimCSE_crossencoder
133	7:175-178	8.788333	7	SimCSE_crossencoder
133	106:1-4	8.010013	8	SimCSE_crossencoder
133	15:78-79	7.390008	9	SimCSE_crossencoder
133	1:7-7	6.4402227	10	SimCSE_crossencoder
136	6:143-144	8.37298	1	SimCSE_crossencoder
136	2:240-242	8.290505	2	SimCSE_crossencoder
136	36:55-58	7.9972897	3	SimCSE_crossencoder
136	15:87-89	7.9280787	4	SimCSE_crossencoder
136	66:1-5	7.6028676	5	SimCSE_crossencoder
136	33:59-59	7.5764	6	SimCSE_crossencoder
136	2:25-25	7.5383296	7	SimCSE_crossencoder
136	1:7-7	6.5707936	8	SimCSE_crossencoder
136	102:5-8	6.3217463	9	SimCSE_crossencoder
136	2:1-2	5.384948	10	SimCSE_crossencoder
137	21:89-90	8.521027	1	SimCSE_crossencoder
137	41:25-29	7.1361094	2	SimCSE_crossencoder
137	39:71-75	7.0493298	3	SimCSE_crossencoder
137	16:112-113	6.83819	4	SimCSE_crossencoder
137	1:7-7	5.867037	5	SimCSE_crossencoder
137	20:114-114	5.29932	6	SimCSE_crossencoder
137	81:15-25	4.931509	7	SimCSE_crossencoder
137	75:16-19	3.9954615	8	SimCSE_crossencoder
137	100:1-5	2.0067935	9	SimCSE_crossencoder
137	2:1-2	-1.4648519	10	SimCSE_crossencoder
138	18:25-26	9.0674305	1	SimCSE_crossencoder
138	88:8-16	8.732497	2	SimCSE_crossencoder
138	8:50-51	8.714085	3	SimCSE_crossencoder
138	37:139-148	8.6805725	4	SimCSE_crossencoder
138	34:14-14	8.412655	5	SimCSE_crossencoder
138	5:74-77	7.9687743	6	SimCSE_crossencoder
138	1:7-7	7.838381	7	SimCSE_crossencoder
138	29:14-15	7.5368814	8	SimCSE_crossencoder
138	94:1-4	6.0643406	9	SimCSE_crossencoder
138	21:91-91	3.4482393	10	SimCSE_crossencoder
139	17:31-35	8.946917	1	SimCSE_crossencoder
139	67:1-5	8.891952	2	SimCSE_crossencoder
139	28:20-21	8.850044	3	SimCSE_crossencoder
139	26:10-22	8.844346	4	SimCSE_crossencoder
139	4:92-93	8.821137	5	SimCSE_crossencoder
139	3:21-22	8.598703	6	SimCSE_crossencoder
139	37:133-138	8.151919	7	SimCSE_crossencoder
139	1:5-6	7.260517	8	SimCSE_crossencoder
139	2:1-2	6.600757	9	SimCSE_crossencoder
139	95:7-8	6.4372263	10	SimCSE_crossencoder
140	67:1-5	8.802407	1	SimCSE_crossencoder
140	26:10-22	8.716705	2	SimCSE_crossencoder
140	17:31-35	8.599998	3	SimCSE_crossencoder
140	7:141-141	8.540152	4	SimCSE_crossencoder
140	28:20-21	8.515591	5	SimCSE_crossencoder
140	3:21-22	8.206383	6	SimCSE_crossencoder
140	37:133-138	7.863629	7	SimCSE_crossencoder
140	39:42-44	7.570589	8	SimCSE_crossencoder
140	1:7-7	7.0275545	9	SimCSE_crossencoder
140	2:1-2	6.5160255	10	SimCSE_crossencoder
141	46:26-28	5.078501	1	SimCSE_crossencoder
141	1:7-7	4.7455626	2	SimCSE_crossencoder
141	51:15-23	3.801044	3	SimCSE_crossencoder
141	2:1-2	3.5015047	4	SimCSE_crossencoder
141	21:91-91	1.565388	5	SimCSE_crossencoder
141	7:1-3	0.9412297	6	SimCSE_crossencoder
141	94:1-4	-0.45928833	7	SimCSE_crossencoder
141	100:1-5	-2.8792417	8	SimCSE_crossencoder
141	7:180-180	-5.549245	9	SimCSE_crossencoder
141	52:48-49	-5.565824	10	SimCSE_crossencoder
142	104:1-9	8.501162	1	SimCSE_crossencoder
142	24:39-40	8.144472	2	SimCSE_crossencoder
142	20:99-101	7.0220003	3	SimCSE_crossencoder
142	3:42-44	7.0182133	4	SimCSE_crossencoder
142	52:48-49	6.7111607	5	SimCSE_crossencoder
142	95:7-8	6.611509	6	SimCSE_crossencoder
142	107:1-3	6.443658	7	SimCSE_crossencoder
142	86:1-4	6.2206755	8	SimCSE_crossencoder
142	1:7-7	5.3375387	9	SimCSE_crossencoder
142	2:1-2	4.6428547	10	SimCSE_crossencoder
143	18:25-26	8.8709345	1	SimCSE_crossencoder
143	7:159-162	8.187195	2	SimCSE_crossencoder
143	77:41-44	8.12591	3	SimCSE_crossencoder
143	15:87-89	8.107729	4	SimCSE_crossencoder
143	15:45-50	7.8866305	5	SimCSE_crossencoder
143	44:51-59	7.7971516	6	SimCSE_crossencoder
143	54:47-50	7.0820646	7	SimCSE_crossencoder
143	1:7-7	6.9657598	8	SimCSE_crossencoder
143	1:5-6	6.73485	9	SimCSE_crossencoder
143	107:1-3	6.668758	10	SimCSE_crossencoder
144	6:84-90	9.460619	1	SimCSE_crossencoder
144	12:11-15	9.304162	2	SimCSE_crossencoder
144	12:97-101	9.263026	3	SimCSE_crossencoder
144	4:11-12	9.254	4	SimCSE_crossencoder
144	38:45-48	9.137762	5	SimCSE_crossencoder
144	51:24-37	9.086418	6	SimCSE_crossencoder
144	29:14-15	8.929318	7	SimCSE_crossencoder
144	1:5-6	7.8542	8	SimCSE_crossencoder
144	94:5-8	7.780798	9	SimCSE_crossencoder
144	21:91-91	7.473262	10	SimCSE_crossencoder
145	1:7-7	8.046984	1	SimCSE_crossencoder
145	11:49-49	6.9962773	2	SimCSE_crossencoder
145	36:69-70	6.709287	3	SimCSE_crossencoder
145	78:31-37	5.242674	4	SimCSE_crossencoder
145	52:48-49	4.9525175	5	SimCSE_crossencoder
145	74:8-10	4.690797	6	SimCSE_crossencoder
145	102:5-8	4.2699304	7	SimCSE_crossencoder
145	107:1-3	3.4355602	8	SimCSE_crossencoder
145	82:9-12	3.1667454	9	SimCSE_crossencoder
145	2:1-2	-0.12201836	10	SimCSE_crossencoder
146	34:31-33	8.792644	1	SimCSE_crossencoder
146	76:12-22	8.618709	2	SimCSE_crossencoder
146	18:99-106	8.604822	3	SimCSE_crossencoder
146	3:52-53	8.145428	4	SimCSE_crossencoder
146	74:8-10	7.8680925	5	SimCSE_crossencoder
146	1:7-7	7.1069894	6	SimCSE_crossencoder
146	77:41-44	7.102112	7	SimCSE_crossencoder
146	54:47-50	6.651241	8	SimCSE_crossencoder
146	11:49-49	6.619047	9	SimCSE_crossencoder
146	2:1-2	5.089923	10	SimCSE_crossencoder
147	4:137-139	9.114479	1	SimCSE_crossencoder
147	7:1-3	8.74345	2	SimCSE_crossencoder
147	36:69-70	8.008764	3	SimCSE_crossencoder
147	74:8-10	7.9976387	4	SimCSE_crossencoder
147	1:7-7	7.7884645	5	SimCSE_crossencoder
147	11:49-49	7.742696	6	SimCSE_crossencoder
147	94:1-4	7.6087275	7	SimCSE_crossencoder
147	2:1-2	7.4057875	8	SimCSE_crossencoder
147	20:114-114	6.8646555	9	SimCSE_crossencoder
147	95:7-8	6.3565617	10	SimCSE_crossencoder
149	22:5-7	9.009458	1	SimCSE_crossencoder
149	18:1-6	9.000381	2	SimCSE_crossencoder
149	40:67-68	8.88013	3	SimCSE_crossencoder
149	72:1-7	8.876753	4	SimCSE_crossencoder
149	3:45-51	8.814787	5	SimCSE_crossencoder
149	19:88-95	8.727495	6	SimCSE_crossencoder
149	25:1-2	8.608091	7	SimCSE_crossencoder
149	81:26-29	7.765445	8	SimCSE_crossencoder
149	112:1-4	7.2195396	9	SimCSE_crossencoder
149	90:1-4	6.8473997	10	SimCSE_crossencoder
151	20:128-132	9.497126	1	SimCSE_crossencoder
151	2:183-186	9.445274	2	SimCSE_crossencoder
151	2:3-5	9.29001	3	SimCSE_crossencoder
151	10:87-89	9.2739	4	SimCSE_crossencoder
151	20:133-135	9.227072	5	SimCSE_crossencoder
151	15:10-15	9.113604	6	SimCSE_crossencoder
151	7:179-179	9.06406	7	SimCSE_crossencoder
151	4:162-162	9.041626	8	SimCSE_crossencoder
151	6:161-163	9.037916	9	SimCSE_crossencoder
151	12:1-3	8.949564	10	SimCSE_crossencoder
152	44:40-50	9.123947	1	SimCSE_crossencoder
152	77:20-28	9.106745	2	SimCSE_crossencoder
152	7:54-56	9.062185	3	SimCSE_crossencoder
152	10:3-6	9.011562	4	SimCSE_crossencoder
152	76:27-28	8.930743	5	SimCSE_crossencoder
152	23:12-16	8.873797	6	SimCSE_crossencoder
152	81:26-29	8.472306	7	SimCSE_crossencoder
152	5:109-109	8.430898	8	SimCSE_crossencoder
152	4:116-116	8.160737	9	SimCSE_crossencoder
152	112:1-4	7.976011	10	SimCSE_crossencoder
153	54:33-42	8.774375	1	SimCSE_crossencoder
153	100:1-5	8.221222	2	SimCSE_crossencoder
153	27:15-19	8.052444	3	SimCSE_crossencoder
153	11:1-5	7.9735737	4	SimCSE_crossencoder
153	1:7-7	7.9547515	5	SimCSE_crossencoder
153	107:1-3	7.342473	6	SimCSE_crossencoder
153	16:14-14	7.1103287	7	SimCSE_crossencoder
153	45:12-13	7.0595703	8	SimCSE_crossencoder
153	20:114-114	6.4630513	9	SimCSE_crossencoder
153	95:7-8	6.2567043	10	SimCSE_crossencoder
154	6:154-158	9.280493	1	SimCSE_crossencoder
154	20:49-55	9.169893	2	SimCSE_crossencoder
154	28:47-50	9.168268	3	SimCSE_crossencoder
154	28:20-21	9.0772505	4	SimCSE_crossencoder
154	5:20-26	9.023222	5	SimCSE_crossencoder
154	2:246-246	8.864278	6	SimCSE_crossencoder
154	5:65-66	8.654844	7	SimCSE_crossencoder
154	39:41-41	8.237957	8	SimCSE_crossencoder
154	4:105-105	8.23682	9	SimCSE_crossencoder
154	2:1-2	7.1432066	10	SimCSE_crossencoder
155	84:6-15	9.131111	1	SimCSE_crossencoder
155	28:47-50	9.000881	2	SimCSE_crossencoder
155	74:27-31	8.907282	3	SimCSE_crossencoder
155	5:65-66	8.671896	4	SimCSE_crossencoder
155	2:78-79	8.50287	5	SimCSE_crossencoder
155	39:41-41	8.227737	6	SimCSE_crossencoder
155	4:105-105	8.2239	7	SimCSE_crossencoder
155	1:5-6	7.2873282	8	SimCSE_crossencoder
155	1:7-7	7.1649876	9	SimCSE_crossencoder
155	2:1-2	6.6908264	10	SimCSE_crossencoder
159	11:100-102	8.396489	1	SimCSE_crossencoder
159	16:103-109	8.227918	2	SimCSE_crossencoder
159	41:25-29	8.111421	3	SimCSE_crossencoder
159	11:116-117	8.107062	4	SimCSE_crossencoder
159	78:38-40	7.7912836	5	SimCSE_crossencoder
159	1:7-7	7.451572	6	SimCSE_crossencoder
159	19:96-98	7.41366	7	SimCSE_crossencoder
159	95:7-8	7.4044857	8	SimCSE_crossencoder
159	75:16-19	7.1082463	9	SimCSE_crossencoder
159	107:1-3	6.9742174	10	SimCSE_crossencoder
160	81:15-25	7.3250904	1	SimCSE_crossencoder
160	107:1-3	6.263253	2	SimCSE_crossencoder
160	56:75-80	6.0810738	3	SimCSE_crossencoder
160	5:74-77	6.049318	4	SimCSE_crossencoder
160	95:7-8	5.806491	5	SimCSE_crossencoder
160	17:1-1	5.6330385	6	SimCSE_crossencoder
160	100:1-5	5.213567	7	SimCSE_crossencoder
160	52:48-49	4.966134	8	SimCSE_crossencoder
160	1:7-7	4.0484	9	SimCSE_crossencoder
160	43:9-14	3.5723681	10	SimCSE_crossencoder
163	43:15-25	9.015504	1	SimCSE_crossencoder
163	23:12-16	8.861038	2	SimCSE_crossencoder
163	5:4-5	8.848352	3	SimCSE_crossencoder
163	78:6-16	8.759503	4	SimCSE_crossencoder
163	77:20-28	8.713181	5	SimCSE_crossencoder
163	38:55-64	8.687158	6	SimCSE_crossencoder
163	16:14-14	7.8711486	7	SimCSE_crossencoder
163	82:6-8	7.7251186	8	SimCSE_crossencoder
163	1:7-7	6.7287626	9	SimCSE_crossencoder
163	90:1-4	6.0522337	10	SimCSE_crossencoder
164	20:128-132	8.827621	1	SimCSE_crossencoder
164	13:12-13	8.758061	2	SimCSE_crossencoder
164	37:139-148	8.753344	3	SimCSE_crossencoder
164	42:1-6	8.694546	4	SimCSE_crossencoder
164	37:158-166	8.426168	5	SimCSE_crossencoder
164	40:7-9	8.251989	6	SimCSE_crossencoder
164	41:37-39	8.199767	7	SimCSE_crossencoder
164	48:8-9	8.120205	8	SimCSE_crossencoder
164	52:48-49	7.1889467	9	SimCSE_crossencoder
164	1:7-7	6.925956	10	SimCSE_crossencoder
201	42:13-15	9.258764	1	SimCSE_crossencoder
201	36:48-54	9.249995	2	SimCSE_crossencoder
201	7:65-72	9.166257	3	SimCSE_crossencoder
201	2:240-242	9.105626	4	SimCSE_crossencoder
201	11:32-35	9.065526	5	SimCSE_crossencoder
201	4:131-134	8.923275	6	SimCSE_crossencoder
201	66:9-9	8.399146	7	SimCSE_crossencoder
201	107:1-3	8.270673	8	SimCSE_crossencoder
201	107:4-7	7.9431133	9	SimCSE_crossencoder
201	1:7-7	7.1433563	10	SimCSE_crossencoder
202	5:112-115	8.975473	1	SimCSE_crossencoder
202	2:259-259	8.967703	2	SimCSE_crossencoder
202	2:21-22	8.747659	3	SimCSE_crossencoder
202	4:131-134	8.584687	4	SimCSE_crossencoder
202	48:8-9	8.136871	5	SimCSE_crossencoder
202	66:9-9	7.9980326	6	SimCSE_crossencoder
202	52:48-49	7.9324346	7	SimCSE_crossencoder
202	45:36-37	7.619211	8	SimCSE_crossencoder
202	107:4-7	7.3450646	9	SimCSE_crossencoder
202	1:7-7	6.55973	10	SimCSE_crossencoder
204	21:51-68	9.3994875	1	SimCSE_crossencoder
204	2:130-134	9.364129	2	SimCSE_crossencoder
204	51:24-37	9.358879	3	SimCSE_crossencoder
204	15:45-50	9.2856455	4	SimCSE_crossencoder
204	37:75-82	9.130246	5	SimCSE_crossencoder
204	6:161-163	8.90007	6	SimCSE_crossencoder
204	45:36-37	8.321497	7	SimCSE_crossencoder
204	1:1-4	7.5626163	8	SimCSE_crossencoder
204	1:7-7	7.247594	9	SimCSE_crossencoder
204	2:1-2	6.9929624	10	SimCSE_crossencoder
205	34:15-19	8.542125	1	SimCSE_crossencoder
205	77:29-40	8.527473	2	SimCSE_crossencoder
205	7:175-178	8.451779	3	SimCSE_crossencoder
205	64:5-6	8.37435	4	SimCSE_crossencoder
205	8:50-51	8.2737	5	SimCSE_crossencoder
205	77:41-44	7.6126885	6	SimCSE_crossencoder
205	95:7-8	7.584257	7	SimCSE_crossencoder
205	79:1-5	7.3308706	8	SimCSE_crossencoder
205	2:1-2	6.3926883	9	SimCSE_crossencoder
205	1:7-7	6.3553376	10	SimCSE_crossencoder
208	1:7-7	7.558785	1	SimCSE_crossencoder
208	36:69-70	6.288621	2	SimCSE_crossencoder
208	81:15-25	5.9110126	3	SimCSE_crossencoder
208	11:12-12	5.5484247	4	SimCSE_crossencoder
208	94:1-4	4.516286	5	SimCSE_crossencoder
208	6:60-62	3.1356525	6	SimCSE_crossencoder
208	86:1-4	3.101152	7	SimCSE_crossencoder
208	74:8-10	1.7284436	8	SimCSE_crossencoder
208	20:114-114	-0.3456909	9	SimCSE_crossencoder
208	2:1-2	-2.5128276	10	SimCSE_crossencoder
209	76:12-22	9.263435	1	SimCSE_crossencoder
209	20:99-101	8.829589	2	SimCSE_crossencoder
209	79:1-5	8.644529	3	SimCSE_crossencoder
209	77:41-44	8.550844	4	SimCSE_crossencoder
209	13:35-35	8.317997	5	SimCSE_crossencoder
209	20:114-114	8.060225	6	SimCSE_crossencoder
209	74:8-10	8.023576	7	SimCSE_crossencoder
209	1:7-7	7.456953	8	SimCSE_crossencoder
209	95:7-8	6.910817	9	SimCSE_crossencoder
209	2:1-2	6.7581515	10	SimCSE_crossencoder
211	15:45-50	9.213107	1	SimCSE_crossencoder
211	37:75-82	9.051142	2	SimCSE_crossencoder
211	59:21-24	9.019335	3	SimCSE_crossencoder
211	3:42-44	9.002638	4	SimCSE_crossencoder
211	56:88-96	8.939497	5	SimCSE_crossencoder
211	29:14-15	8.4991	6	SimCSE_crossencoder
211	17:1-1	8.401107	7	SimCSE_crossencoder
211	45:36-37	7.9457474	8	SimCSE_crossencoder
211	1:7-7	7.408522	9	SimCSE_crossencoder
211	21:91-91	7.1879144	10	SimCSE_crossencoder
212	4:41-42	7.412405	1	SimCSE_crossencoder
212	3:52-53	7.110654	2	SimCSE_crossencoder
212	1:7-7	6.7963486	3	SimCSE_crossencoder
212	10:74-78	6.790756	4	SimCSE_crossencoder
212	48:8-9	6.066329	5	SimCSE_crossencoder
212	95:7-8	5.665811	6	SimCSE_crossencoder
212	2:87-88	5.2320204	7	SimCSE_crossencoder
212	94:1-4	4.403866	8	SimCSE_crossencoder
212	23:42-44	4.309923	9	SimCSE_crossencoder
212	2:1-2	3.7607346	10	SimCSE_crossencoder
216	27:15-19	9.281663	1	SimCSE_crossencoder
216	21:78-82	9.231464	2	SimCSE_crossencoder
216	4:163-166	9.141916	3	SimCSE_crossencoder
216	38:17-20	8.900835	4	SimCSE_crossencoder
216	79:1-5	8.413092	5	SimCSE_crossencoder
216	52:48-49	8.327723	6	SimCSE_crossencoder
216	45:36-37	8.185542	7	SimCSE_crossencoder
216	1:5-6	7.5850134	8	SimCSE_crossencoder
216	1:1-4	7.5732656	9	SimCSE_crossencoder
216	1:7-7	7.1190104	10	SimCSE_crossencoder
217	20:128-132	9.045111	1	SimCSE_crossencoder
217	78:6-16	8.862577	2	SimCSE_crossencoder
217	70:36-39	8.452935	3	SimCSE_crossencoder
217	2:3-5	8.186448	4	SimCSE_crossencoder
217	76:23-26	8.043982	5	SimCSE_crossencoder
217	7:1-3	8.012654	6	SimCSE_crossencoder
217	21:91-91	8.001815	7	SimCSE_crossencoder
217	11:49-49	7.2551537	8	SimCSE_crossencoder
217	1:7-7	6.5727034	9	SimCSE_crossencoder
217	52:48-49	5.8313894	10	SimCSE_crossencoder
219	6:84-90	9.210401	1	SimCSE_crossencoder
219	15:45-50	8.949301	2	SimCSE_crossencoder
219	51:24-37	8.899903	3	SimCSE_crossencoder
219	3:33-41	8.7238035	4	SimCSE_crossencoder
219	4:163-166	8.636284	5	SimCSE_crossencoder
219	72:25-28	8.50115	6	SimCSE_crossencoder
219	45:36-37	7.8669443	7	SimCSE_crossencoder
219	21:91-91	7.3907976	8	SimCSE_crossencoder
219	1:5-6	7.158386	9	SimCSE_crossencoder
219	1:7-7	4.9252343	10	SimCSE_crossencoder
220	9:128-129	9.008411	1	SimCSE_crossencoder
220	5:74-77	8.599679	2	SimCSE_crossencoder
220	2:97-98	8.50942	3	SimCSE_crossencoder
220	6:46-50	8.190816	4	SimCSE_crossencoder
220	23:42-44	8.18961	5	SimCSE_crossencoder
220	48:8-9	8.160483	6	SimCSE_crossencoder
220	37:133-138	8.085503	7	SimCSE_crossencoder
220	39:42-44	7.807885	8	SimCSE_crossencoder
220	1:7-7	6.8775673	9	SimCSE_crossencoder
220	2:1-2	5.5921755	10	SimCSE_crossencoder
225	37:83-98	9.066149	1	SimCSE_crossencoder
225	40:36-37	8.728997	2	SimCSE_crossencoder
225	53:57-62	8.669204	3	SimCSE_crossencoder
225	9:128-129	8.536482	4	SimCSE_crossencoder
225	20:83-85	8.065689	5	SimCSE_crossencoder
225	7:180-180	8.011538	6	SimCSE_crossencoder
225	107:4-7	7.4543324	7	SimCSE_crossencoder
225	112:1-4	7.4013376	8	SimCSE_crossencoder
225	95:7-8	7.110461	9	SimCSE_crossencoder
225	1:7-7	6.7711735	10	SimCSE_crossencoder
227	20:17-24	9.206476	1	SimCSE_crossencoder
227	12:19-22	8.947296	2	SimCSE_crossencoder
227	28:29-32	8.9090805	3	SimCSE_crossencoder
227	44:51-59	8.876555	4	SimCSE_crossencoder
227	28:20-21	8.701128	5	SimCSE_crossencoder
227	10:87-89	8.484101	6	SimCSE_crossencoder
227	17:1-1	8.263278	7	SimCSE_crossencoder
227	87:14-19	8.124155	8	SimCSE_crossencoder
227	20:83-85	8.01041	9	SimCSE_crossencoder
227	1:7-7	6.886847	10	SimCSE_crossencoder
230	6:143-144	9.1175995	1	SimCSE_crossencoder
230	7:38-41	9.108856	2	SimCSE_crossencoder
230	12:36-42	9.096124	3	SimCSE_crossencoder
230	9:124-127	9.07571	4	SimCSE_crossencoder
230	11:38-40	9.008369	5	SimCSE_crossencoder
230	33:59-59	8.652189	6	SimCSE_crossencoder
230	106:1-4	7.9252806	7	SimCSE_crossencoder
230	1:5-6	7.487841	8	SimCSE_crossencoder
230	108:1-3	7.0529184	9	SimCSE_crossencoder
230	1:7-7	6.6812005	10	SimCSE_crossencoder
231	6:68-70	9.436498	1	SimCSE_crossencoder
231	56:11-26	9.294654	2	SimCSE_crossencoder
231	6:143-144	9.227936	3	SimCSE_crossencoder
231	54:18-22	9.2054405	4	SimCSE_crossencoder
231	92:1-7	8.807466	5	SimCSE_crossencoder
231	36:69-70	8.569601	6	SimCSE_crossencoder
231	74:32-37	8.372028	7	SimCSE_crossencoder
231	94:1-4	8.00463	8	SimCSE_crossencoder
231	1:7-7	7.0008855	9	SimCSE_crossencoder
231	2:1-2	5.5023484	10	SimCSE_crossencoder
232	2:114-115	9.2714	1	SimCSE_crossencoder
232	56:81-87	9.173511	2	SimCSE_crossencoder
232	28:20-21	9.122002	3	SimCSE_crossencoder
232	11:100-102	9.109451	4	SimCSE_crossencoder
232	6:19-21	8.81246	5	SimCSE_crossencoder
232	76:23-26	8.80423	6	SimCSE_crossencoder
232	11:116-117	8.799311	7	SimCSE_crossencoder
232	12:1-3	8.402615	8	SimCSE_crossencoder
232	7:180-180	8.140452	9	SimCSE_crossencoder
232	1:7-7	7.19532	10	SimCSE_crossencoder
233	20:17-24	8.341858	1	SimCSE_crossencoder
233	18:25-26	8.291308	2	SimCSE_crossencoder
233	38:21-26	8.158762	3	SimCSE_crossencoder
233	27:45-53	8.118242	4	SimCSE_crossencoder
233	17:101-104	7.958068	5	SimCSE_crossencoder
233	74:27-31	7.631353	6	SimCSE_crossencoder
233	1:7-7	6.7999206	7	SimCSE_crossencoder
233	54:51-55	6.737803	8	SimCSE_crossencoder
233	94:1-4	6.666663	9	SimCSE_crossencoder
233	2:1-2	4.889907	10	SimCSE_crossencoder
235	10:65-70	9.381456	1	SimCSE_crossencoder
235	2:94-96	8.995652	2	SimCSE_crossencoder
235	28:60-67	8.9772415	3	SimCSE_crossencoder
235	6:68-70	8.900918	4	SimCSE_crossencoder
235	6:27-32	8.650791	5	SimCSE_crossencoder
235	2:211-212	8.480925	6	SimCSE_crossencoder
235	7:163-163	8.172723	7	SimCSE_crossencoder
235	1:7-7	7.413521	8	SimCSE_crossencoder
235	15:78-79	7.1264896	9	SimCSE_crossencoder
235	2:1-2	5.723315	10	SimCSE_crossencoder
236	14:21-23	9.452767	1	SimCSE_crossencoder
236	40:61-66	9.320894	2	SimCSE_crossencoder
236	33:1-3	8.898529	3	SimCSE_crossencoder
236	5:87-88	8.81587	4	SimCSE_crossencoder
236	31:12-13	8.766529	5	SimCSE_crossencoder
236	5:11-11	8.72547	6	SimCSE_crossencoder
236	20:83-85	8.675629	7	SimCSE_crossencoder
236	9:41-41	8.301646	8	SimCSE_crossencoder
236	45:12-13	8.26226	9	SimCSE_crossencoder
236	1:7-7	7.237991	10	SimCSE_crossencoder
237	6:84-90	8.545855	1	SimCSE_crossencoder
237	12:11-15	8.494447	2	SimCSE_crossencoder
237	51:24-37	8.416111	3	SimCSE_crossencoder
237	93:6-11	8.341064	4	SimCSE_crossencoder
237	2:226-227	8.202857	5	SimCSE_crossencoder
237	4:11-12	7.956088	6	SimCSE_crossencoder
237	4:22-24	7.6956186	7	SimCSE_crossencoder
237	21:91-91	7.576092	8	SimCSE_crossencoder
237	114:1-6	7.5051203	9	SimCSE_crossencoder
237	94:5-8	7.0358467	10	SimCSE_crossencoder
238	14:21-23	9.585348	1	SimCSE_crossencoder
238	40:61-66	9.450338	2	SimCSE_crossencoder
238	4:146-147	9.405265	3	SimCSE_crossencoder
238	29:16-18	9.360428	4	SimCSE_crossencoder
238	39:53-59	9.346295	5	SimCSE_crossencoder
238	31:12-13	9.073249	6	SimCSE_crossencoder
238	5:87-88	9.007312	7	SimCSE_crossencoder
238	5:11-11	8.882919	8	SimCSE_crossencoder
238	45:12-13	8.697689	9	SimCSE_crossencoder
238	1:7-7	7.43363	10	SimCSE_crossencoder
240	34:31-33	9.531477	1	SimCSE_crossencoder
240	40:1-4	9.275157	2	SimCSE_crossencoder
240	112:1-4	8.582071	3	SimCSE_crossencoder
240	4:137-139	8.373944	4	SimCSE_crossencoder
240	5:109-109	7.8736176	5	SimCSE_crossencoder
240	37:167-170	7.8189096	6	SimCSE_crossencoder
240	20:114-114	7.63957	7	SimCSE_crossencoder
240	95:7-8	7.14647	8	SimCSE_crossencoder
240	1:7-7	7.089777	9	SimCSE_crossencoder
240	2:1-2	5.9304705	10	SimCSE_crossencoder
243	2:58-59	9.166431	1	SimCSE_crossencoder
243	17:40-44	9.161009	2	SimCSE_crossencoder
243	78:38-40	8.862283	3	SimCSE_crossencoder
243	107:1-3	8.681068	4	SimCSE_crossencoder
243	88:8-16	8.652322	5	SimCSE_crossencoder
243	13:35-35	8.203166	6	SimCSE_crossencoder
243	95:7-8	8.035241	7	SimCSE_crossencoder
243	107:4-7	7.392911	8	SimCSE_crossencoder
243	2:1-2	7.3185453	9	SimCSE_crossencoder
243	1:7-7	6.95854	10	SimCSE_crossencoder
244	12:36-42	9.411979	1	SimCSE_crossencoder
244	28:20-21	9.4066725	2	SimCSE_crossencoder
244	38:55-64	9.346815	3	SimCSE_crossencoder
244	21:48-50	9.169638	4	SimCSE_crossencoder
244	7:109-112	9.073809	5	SimCSE_crossencoder
244	20:83-85	8.766727	6	SimCSE_crossencoder
244	4:104-104	8.577652	7	SimCSE_crossencoder
244	86:1-4	8.100228	8	SimCSE_crossencoder
244	15:78-79	7.385912	9	SimCSE_crossencoder
244	1:7-7	7.260144	10	SimCSE_crossencoder
248	40:5-6	8.867023	1	SimCSE_crossencoder
248	114:1-6	8.545993	2	SimCSE_crossencoder
248	56:27-40	8.2914	3	SimCSE_crossencoder
248	15:78-79	8.009991	4	SimCSE_crossencoder
248	52:48-49	7.7411337	5	SimCSE_crossencoder
248	48:8-9	7.513563	6	SimCSE_crossencoder
248	1:7-7	7.501301	7	SimCSE_crossencoder
248	94:1-4	7.441113	8	SimCSE_crossencoder
248	95:7-8	6.580918	9	SimCSE_crossencoder
248	2:1-2	6.159448	10	SimCSE_crossencoder
249	40:67-68	8.5725765	1	SimCSE_crossencoder
249	37:139-148	8.565475	2	SimCSE_crossencoder
249	86:5-10	8.397657	3	SimCSE_crossencoder
249	7:180-180	8.1837845	4	SimCSE_crossencoder
249	2:28-29	7.9580946	5	SimCSE_crossencoder
249	87:1-5	7.6816573	6	SimCSE_crossencoder
249	4:116-116	7.247735	7	SimCSE_crossencoder
249	55:14-16	7.098605	8	SimCSE_crossencoder
249	112:1-4	7.0341606	9	SimCSE_crossencoder
249	1:5-6	6.444044	10	SimCSE_crossencoder
251	33:42-48	8.746407	1	SimCSE_crossencoder
251	5:15-17	8.72425	2	SimCSE_crossencoder
251	37:75-82	8.554529	3	SimCSE_crossencoder
251	3:42-44	8.548892	4	SimCSE_crossencoder
251	33:41-44	8.545244	5	SimCSE_crossencoder
251	29:14-15	8.356605	6	SimCSE_crossencoder
251	56:88-96	8.16515	7	SimCSE_crossencoder
251	2:257-257	7.900295	8	SimCSE_crossencoder
251	1:5-6	6.7685003	9	SimCSE_crossencoder
251	21:91-91	6.7315035	10	SimCSE_crossencoder
252	60:12-13	9.250814	1	SimCSE_crossencoder
252	2:265-266	9.106122	2	SimCSE_crossencoder
252	26:90-104	9.023901	3	SimCSE_crossencoder
252	72:25-28	8.961351	4	SimCSE_crossencoder
252	13:35-35	8.463246	5	SimCSE_crossencoder
252	6:143-144	8.360352	6	SimCSE_crossencoder
252	1:5-6	7.962343	7	SimCSE_crossencoder
252	112:1-4	7.5119953	8	SimCSE_crossencoder
252	2:1-2	6.979445	9	SimCSE_crossencoder
252	1:7-7	6.93676	10	SimCSE_crossencoder
253	3:133-136	9.096057	1	SimCSE_crossencoder
253	12:43-49	9.01889	2	SimCSE_crossencoder
253	5:90-93	8.937895	3	SimCSE_crossencoder
253	17:101-104	8.934968	4	SimCSE_crossencoder
253	79:1-5	8.395266	5	SimCSE_crossencoder
253	66:9-9	8.265138	6	SimCSE_crossencoder
253	20:83-85	8.130456	7	SimCSE_crossencoder
253	86:1-4	8.007538	8	SimCSE_crossencoder
253	88:17-20	7.9453325	9	SimCSE_crossencoder
253	15:78-79	7.587715	10	SimCSE_crossencoder
255	4:163-166	9.666597	1	SimCSE_crossencoder
255	51:24-37	9.614516	2	SimCSE_crossencoder
255	6:84-90	9.562869	3	SimCSE_crossencoder
255	59:21-24	9.559527	4	SimCSE_crossencoder
255	10:7-10	9.430796	5	SimCSE_crossencoder
255	6:125-127	9.398638	6	SimCSE_crossencoder
255	21:48-50	9.006943	7	SimCSE_crossencoder
255	1:5-6	8.054833	8	SimCSE_crossencoder
255	21:91-91	7.887061	9	SimCSE_crossencoder
255	1:7-7	7.8806906	10	SimCSE_crossencoder
257	40:36-37	9.02323	1	SimCSE_crossencoder
257	40:1-4	8.866341	2	SimCSE_crossencoder
257	3:149-151	8.850627	3	SimCSE_crossencoder
257	7:148-149	8.715576	4	SimCSE_crossencoder
257	21:48-50	8.51502	5	SimCSE_crossencoder
257	7:180-180	7.6167846	6	SimCSE_crossencoder
257	107:4-7	7.0619955	7	SimCSE_crossencoder
257	1:7-7	6.6896267	8	SimCSE_crossencoder
257	96:6-8	6.4243784	9	SimCSE_crossencoder
257	94:5-8	6.29952	10	SimCSE_crossencoder
258	32:18-22	9.097136	1	SimCSE_crossencoder
258	12:43-49	9.072028	2	SimCSE_crossencoder
258	8:50-51	8.660616	3	SimCSE_crossencoder
258	86:1-4	7.7064037	4	SimCSE_crossencoder
258	13:35-35	7.699688	5	SimCSE_crossencoder
258	52:48-49	7.549324	6	SimCSE_crossencoder
258	1:7-7	7.4742775	7	SimCSE_crossencoder
258	94:1-4	7.2718887	8	SimCSE_crossencoder
258	1:5-6	7.201523	9	SimCSE_crossencoder
258	2:1-2	6.0495567	10	SimCSE_crossencoder
265	13:12-13	8.963814	1	SimCSE_crossencoder
265	38:17-20	8.8277445	2	SimCSE_crossencoder
265	79:1-5	8.554478	3	SimCSE_crossencoder
265	48:8-9	8.488731	4	SimCSE_crossencoder
265	5:74-77	8.339153	5	SimCSE_crossencoder
265	3:121-129	8.228244	6	SimCSE_crossencoder
265	52:48-49	8.050324	7	SimCSE_crossencoder
265	1:7-7	7.663865	8	SimCSE_crossencoder
265	17:1-1	7.5864697	9	SimCSE_crossencoder
265	2:1-2	6.142554	10	SimCSE_crossencoder
266	7:96-102	9.261044	1	SimCSE_crossencoder
266	43:36-39	9.218022	2	SimCSE_crossencoder
266	28:85-88	9.201785	3	SimCSE_crossencoder
266	11:100-102	9.1450205	4	SimCSE_crossencoder
266	11:116-117	8.822543	5	SimCSE_crossencoder
266	12:1-3	8.669938	6	SimCSE_crossencoder
266	74:8-10	8.21505	7	SimCSE_crossencoder
266	107:4-7	7.56785	8	SimCSE_crossencoder
266	1:7-7	7.491107	9	SimCSE_crossencoder
266	2:1-2	6.220875	10	SimCSE_crossencoder
268	7:103-108	9.003294	1	SimCSE_crossencoder
268	9:107-110	8.967506	2	SimCSE_crossencoder
268	72:14-17	8.952102	3	SimCSE_crossencoder
268	27:7-14	8.926582	4	SimCSE_crossencoder
268	2:142-145	8.735119	5	SimCSE_crossencoder
268	26:160-175	8.3727665	6	SimCSE_crossencoder
268	72:25-28	8.316547	7	SimCSE_crossencoder
268	9:88-89	8.287552	8	SimCSE_crossencoder
268	21:69-73	8.284803	9	SimCSE_crossencoder
268	17:1-1	8.052239	10	SimCSE_crossencoder
301	88:1-7	8.866132	1	SimCSE_crossencoder
301	8:50-51	8.73591	2	SimCSE_crossencoder
301	20:102-113	8.589559	3	SimCSE_crossencoder
301	105:1-5	8.267469	4	SimCSE_crossencoder
301	5:74-77	8.209719	5	SimCSE_crossencoder
301	107:1-3	7.652063	6	SimCSE_crossencoder
301	1:7-7	7.3313675	7	SimCSE_crossencoder
301	95:7-8	7.289179	8	SimCSE_crossencoder
301	107:4-7	6.636346	9	SimCSE_crossencoder
301	2:1-2	5.792551	10	SimCSE_crossencoder
302	16:110-111	6.6437397	1	SimCSE_crossencoder
302	88:1-7	6.6242313	2	SimCSE_crossencoder
302	7:204-206	5.8746824	3	SimCSE_crossencoder
302	2:87-88	5.0010366	4	SimCSE_crossencoder
302	10:74-78	4.4807434	5	SimCSE_crossencoder
302	2:1-2	3.5778418	6	SimCSE_crossencoder
302	95:7-8	3.196463	7	SimCSE_crossencoder
302	37:133-138	2.2948253	8	SimCSE_crossencoder
302	5:74-77	1.7899778	9	SimCSE_crossencoder
302	1:7-7	1.2690333	10	SimCSE_crossencoder
303	40:1-4	8.925932	1	SimCSE_crossencoder
303	4:167-169	8.86408	2	SimCSE_crossencoder
303	6:159-160	8.764244	3	SimCSE_crossencoder
303	40:78-78	8.541259	4	SimCSE_crossencoder
303	4:116-116	8.1285715	5	SimCSE_crossencoder
303	95:7-8	7.811859	6	SimCSE_crossencoder
303	107:1-3	7.564091	7	SimCSE_crossencoder
303	112:1-4	7.522505	8	SimCSE_crossencoder
303	107:4-7	7.234131	9	SimCSE_crossencoder
303	1:7-7	6.7586484	10	SimCSE_crossencoder
304	5:89-89	8.866849	1	SimCSE_crossencoder
304	19:77-87	8.7086735	2	SimCSE_crossencoder
304	40:1-4	8.352475	3	SimCSE_crossencoder
304	107:1-3	7.8410144	4	SimCSE_crossencoder
304	5:74-77	7.629448	5	SimCSE_crossencoder
304	95:7-8	7.430212	6	SimCSE_crossencoder
304	44:40-50	7.3384504	7	SimCSE_crossencoder
304	1:7-7	6.82032	8	SimCSE_crossencoder
304	107:4-7	5.9019604	9	SimCSE_crossencoder
304	2:1-2	5.7716556	10	SimCSE_crossencoder
306	76:5-11	8.844368	1	SimCSE_crossencoder
306	2:30-33	8.675677	2	SimCSE_crossencoder
306	5:4-5	8.574911	3	SimCSE_crossencoder
306	6:118-121	8.351494	4	SimCSE_crossencoder
306	2:249-252	8.351185	5	SimCSE_crossencoder
306	2:259-259	8.3460245	6	SimCSE_crossencoder
306	23:31-41	8.198875	7	SimCSE_crossencoder
306	87:1-5	7.7583237	8	SimCSE_crossencoder
306	7:180-180	7.490956	9	SimCSE_crossencoder
306	90:1-4	6.041156	10	SimCSE_crossencoder
307	9:50-52	9.099088	1	SimCSE_crossencoder
307	64:7-10	8.979047	2	SimCSE_crossencoder
307	22:58-66	8.964597	3	SimCSE_crossencoder
307	58:12-13	8.923403	4	SimCSE_crossencoder
307	4:148-149	8.853993	5	SimCSE_crossencoder
307	4:167-169	8.730346	6	SimCSE_crossencoder
307	2:215-215	8.403469	7	SimCSE_crossencoder
307	2:195-195	8.154814	8	SimCSE_crossencoder
307	95:7-8	8.034483	9	SimCSE_crossencoder
307	112:1-4	7.3705797	10	SimCSE_crossencoder
308	28:60-67	9.440861	1	SimCSE_crossencoder
308	31:33-34	9.364722	2	SimCSE_crossencoder
308	18:45-46	9.331928	3	SimCSE_crossencoder
308	10:65-70	9.3100605	4	SimCSE_crossencoder
308	4:94-94	9.240969	5	SimCSE_crossencoder
308	4:106-109	8.98747	6	SimCSE_crossencoder
308	3:116-117	8.918231	7	SimCSE_crossencoder
308	7:50-51	8.912762	8	SimCSE_crossencoder
308	1:1-4	7.9678326	9	SimCSE_crossencoder
308	1:7-7	6.185646	10	SimCSE_crossencoder
310	36:48-54	8.740788	1	SimCSE_crossencoder
310	3:92-94	8.737121	2	SimCSE_crossencoder
310	5:27-31	8.666391	3	SimCSE_crossencoder
310	48:8-9	8.107229	4	SimCSE_crossencoder
310	13:35-35	7.968384	5	SimCSE_crossencoder
310	34:28-30	7.8791857	6	SimCSE_crossencoder
310	5:9-10	7.6717014	7	SimCSE_crossencoder
310	9:67-68	7.619873	8	SimCSE_crossencoder
310	66:9-9	7.5712123	9	SimCSE_crossencoder
310	1:7-7	7.5144997	10	SimCSE_crossencoder
311	34:15-19	9.1987915	1	SimCSE_crossencoder
311	16:125-128	8.986499	2	SimCSE_crossencoder
311	6:159-160	8.92401	3	SimCSE_crossencoder
311	5:4-5	8.92185	4	SimCSE_crossencoder
311	2:219-219	8.8351755	5	SimCSE_crossencoder
311	21:74-75	8.721956	6	SimCSE_crossencoder
311	4:31-31	8.577013	7	SimCSE_crossencoder
311	29:8-9	8.314694	8	SimCSE_crossencoder
311	1:7-7	8.0325365	9	SimCSE_crossencoder
311	95:7-8	7.8888016	10	SimCSE_crossencoder
313	7:144-145	8.696293	1	SimCSE_crossencoder
313	95:7-8	8.363247	2	SimCSE_crossencoder
313	26:1-9	8.352588	3	SimCSE_crossencoder
313	107:1-3	8.139652	4	SimCSE_crossencoder
313	41:53-54	7.991316	5	SimCSE_crossencoder
313	94:1-4	7.6514688	6	SimCSE_crossencoder
313	86:1-4	7.5195117	7	SimCSE_crossencoder
313	18:60-77	7.352254	8	SimCSE_crossencoder
313	1:7-7	7.2390995	9	SimCSE_crossencoder
313	2:1-2	5.4214563	10	SimCSE_crossencoder
314	77:41-44	7.362687	1	SimCSE_crossencoder
314	2:195-195	6.20225	2	SimCSE_crossencoder
314	9:90-96	5.904061	3	SimCSE_crossencoder
314	39:32-37	5.7155046	4	SimCSE_crossencoder
314	1:7-7	5.394226	5	SimCSE_crossencoder
314	24:11-18	5.2479095	6	SimCSE_crossencoder
314	4:128-130	4.5714464	7	SimCSE_crossencoder
314	94:1-4	3.9199429	8	SimCSE_crossencoder
314	95:7-8	2.767214	9	SimCSE_crossencoder
314	2:1-2	2.2589316	10	SimCSE_crossencoder
316	88:8-16	8.242639	1	SimCSE_crossencoder
316	78:31-37	8.106315	2	SimCSE_crossencoder
316	21:89-90	8.083977	3	SimCSE_crossencoder
316	11:8-11	7.8778954	4	SimCSE_crossencoder
316	2:187-187	7.8729024	5	SimCSE_crossencoder
316	33:7-8	7.5772867	6	SimCSE_crossencoder
316	9:69-70	7.571302	7	SimCSE_crossencoder
316	1:7-7	6.792344	8	SimCSE_crossencoder
316	92:8-11	5.282782	9	SimCSE_crossencoder
316	2:1-2	3.765623	10	SimCSE_crossencoder
317	39:32-37	7.7870197	1	SimCSE_crossencoder
317	63:1-4	7.4427295	2	SimCSE_crossencoder
317	75:26-35	7.1305394	3	SimCSE_crossencoder
317	57:18-21	6.9661226	4	SimCSE_crossencoder
317	33:7-8	6.5163693	5	SimCSE_crossencoder
317	1:7-7	5.7679453	6	SimCSE_crossencoder
317	5:9-10	5.126095	7	SimCSE_crossencoder
317	95:7-8	3.7661607	8	SimCSE_crossencoder
317	92:8-11	3.6620367	9	SimCSE_crossencoder
317	33:35-35	2.1642344	10	SimCSE_crossencoder
323	17:45-48	8.835217	1	SimCSE_crossencoder
323	5:89-89	8.810041	2	SimCSE_crossencoder
323	9:75-80	8.809446	3	SimCSE_crossencoder
323	2:224-225	8.647622	4	SimCSE_crossencoder
323	3:166-168	8.591278	5	SimCSE_crossencoder
323	22:52-57	8.5615635	6	SimCSE_crossencoder
323	15:10-15	8.434834	7	SimCSE_crossencoder
323	3:8-9	8.019768	8	SimCSE_crossencoder
323	100:1-5	7.781282	9	SimCSE_crossencoder
323	1:7-7	6.7139935	10	SimCSE_crossencoder
324	21:30-35	8.926872	1	SimCSE_crossencoder
324	28:85-88	8.840107	2	SimCSE_crossencoder
324	11:100-102	8.627149	3	SimCSE_crossencoder
324	11:116-117	8.45856	4	SimCSE_crossencoder
324	7:96-102	8.279892	5	SimCSE_crossencoder
324	107:1-3	7.813012	6	SimCSE_crossencoder
324	1:7-7	7.1310544	7	SimCSE_crossencoder
324	107:4-7	6.7080526	8	SimCSE_crossencoder
324	95:7-8	6.6665754	9	SimCSE_crossencoder
324	2:1-2	5.8144445	10	SimCSE_crossencoder
325	3:92-94	7.7837944	1	SimCSE_crossencoder
325	67:1-5	7.78152	2	SimCSE_crossencoder
325	17:1-1	7.7753983	3	SimCSE_crossencoder
325	1:7-7	7.632219	4	SimCSE_crossencoder
325	94:1-4	7.444684	5	SimCSE_crossencoder
325	52:48-49	7.432515	6	SimCSE_crossencoder
325	23:42-44	7.3995595	7	SimCSE_crossencoder
325	40:5-6	7.0877166	8	SimCSE_crossencoder
325	7:137-137	6.8599625	9	SimCSE_crossencoder
325	44:17-33	6.4639416	10	SimCSE_crossencoder
326	8:50-51	8.658128	1	SimCSE_crossencoder
326	85:1-9	8.485169	2	SimCSE_crossencoder
326	95:7-8	8.442041	3	SimCSE_crossencoder
326	67:1-5	8.044468	4	SimCSE_crossencoder
326	1:7-7	8.006479	5	SimCSE_crossencoder
326	94:1-4	7.8738203	6	SimCSE_crossencoder
326	3:92-94	7.513654	7	SimCSE_crossencoder
326	17:1-1	7.3666487	8	SimCSE_crossencoder
326	18:60-77	7.3085294	9	SimCSE_crossencoder
326	2:1-2	6.3999557	10	SimCSE_crossencoder
327	54:18-22	8.347515	1	SimCSE_crossencoder
327	107:1-3	8.084471	2	SimCSE_crossencoder
327	2:6-7	8.009008	3	SimCSE_crossencoder
327	17:1-1	7.790929	4	SimCSE_crossencoder
327	1:7-7	7.7245708	5	SimCSE_crossencoder
327	43:26-28	7.1293535	6	SimCSE_crossencoder
327	40:78-78	7.110631	7	SimCSE_crossencoder
327	10:74-78	6.6283007	8	SimCSE_crossencoder
327	95:7-8	5.335066	9	SimCSE_crossencoder
327	2:1-2	5.1370063	10	SimCSE_crossencoder
328	64:7-10	8.970962	1	SimCSE_crossencoder
328	69:13-18	8.8984585	2	SimCSE_crossencoder
328	77:45-50	8.855476	3	SimCSE_crossencoder
328	75:20-25	8.6775875	4	SimCSE_crossencoder
328	11:96-99	8.503492	5	SimCSE_crossencoder
328	82:13-19	8.435814	6	SimCSE_crossencoder
328	2:122-123	8.433161	7	SimCSE_crossencoder
328	20:99-101	8.365654	8	SimCSE_crossencoder
328	78:17-20	8.235037	9	SimCSE_crossencoder
328	74:8-10	7.460679	10	SimCSE_crossencoder
332	8:50-51	8.838495	1	SimCSE_crossencoder
332	79:1-5	8.691892	2	SimCSE_crossencoder
332	74:1-7	8.466911	3	SimCSE_crossencoder
332	66:9-9	8.331363	4	SimCSE_crossencoder
332	101:6-11	8.114773	5	SimCSE_crossencoder
332	86:1-4	8.06762	6	SimCSE_crossencoder
332	15:78-79	7.648228	7	SimCSE_crossencoder
332	94:5-8	7.4689803	8	SimCSE_crossencoder
332	67:12-12	7.0157843	9	SimCSE_crossencoder
332	1:7-7	6.8191543	10	SimCSE_crossencoder
334	9:107-110	5.3577356	1	SimCSE_crossencoder
334	4:95-96	5.0117884	2	SimCSE_crossencoder
334	39:11-20	4.8491883	3	SimCSE_crossencoder
334	58:22-22	4.7941732	4	SimCSE_crossencoder
334	43:67-73	4.7389555	5	SimCSE_crossencoder
334	9:100-100	4.690527	6	SimCSE_crossencoder
334	9:73-74	4.601751	7	SimCSE_crossencoder
334	2:246-246	4.2566004	8	SimCSE_crossencoder
334	2:190-194	4.140437	9	SimCSE_crossencoder
334	3:84-85	3.9095023	10	SimCSE_crossencoder
338	4:144-145	8.389992	1	SimCSE_crossencoder
338	64:5-6	8.283241	2	SimCSE_crossencoder
338	29:8-9	8.115198	3	SimCSE_crossencoder
338	66:9-9	7.973675	4	SimCSE_crossencoder
338	103:1-3	7.3162727	5	SimCSE_crossencoder
338	107:1-3	7.270234	6	SimCSE_crossencoder
338	95:7-8	6.610893	7	SimCSE_crossencoder
338	102:1-4	5.951022	8	SimCSE_crossencoder
338	1:7-7	5.8899717	9	SimCSE_crossencoder
338	2:1-2	4.953043	10	SimCSE_crossencoder
339	36:1-12	8.83453	1	SimCSE_crossencoder
339	2:87-88	8.55873	2	SimCSE_crossencoder
339	22:52-57	8.535086	3	SimCSE_crossencoder
339	39:1-5	8.354796	4	SimCSE_crossencoder
339	17:83-87	7.8335333	5	SimCSE_crossencoder
339	45:36-37	7.774028	6	SimCSE_crossencoder
339	97:1-5	7.3762712	7	SimCSE_crossencoder
339	1:7-7	6.9571447	8	SimCSE_crossencoder
339	21:91-91	6.935553	9	SimCSE_crossencoder
339	78:1-5	6.9116297	10	SimCSE_crossencoder
341	27:38-44	8.810234	1	SimCSE_crossencoder
341	7:148-149	8.675148	2	SimCSE_crossencoder
341	12:33-35	8.620086	3	SimCSE_crossencoder
341	40:59-60	8.527189	4	SimCSE_crossencoder
341	13:35-35	8.194083	5	SimCSE_crossencoder
341	107:1-3	7.306346	6	SimCSE_crossencoder
341	39:41-41	7.235134	7	SimCSE_crossencoder
341	15:78-79	7.0367093	8	SimCSE_crossencoder
341	107:4-7	6.5625052	9	SimCSE_crossencoder
341	1:7-7	6.0334063	10	SimCSE_crossencoder
343	2:17-20	9.202764	1	SimCSE_crossencoder
343	24:35-38	9.135202	2	SimCSE_crossencoder
343	30:28-32	8.95169	3	SimCSE_crossencoder
343	5:15-17	8.925596	4	SimCSE_crossencoder
343	33:41-44	8.795782	5	SimCSE_crossencoder
343	57:18-21	8.73913	6	SimCSE_crossencoder
343	33:42-48	8.676117	7	SimCSE_crossencoder
343	21:76-77	8.5203285	8	SimCSE_crossencoder
343	11:49-49	8.134773	9	SimCSE_crossencoder
343	2:257-257	8.132373	10	SimCSE_crossencoder
344	3:161-163	8.961687	1	SimCSE_crossencoder
344	77:29-40	8.907998	2	SimCSE_crossencoder
344	2:219-219	8.7407465	3	SimCSE_crossencoder
344	3:196-198	8.730235	4	SimCSE_crossencoder
344	45:14-15	8.593012	5	SimCSE_crossencoder
344	4:31-31	8.258713	6	SimCSE_crossencoder
344	107:1-3	7.892785	7	SimCSE_crossencoder
344	107:4-7	7.8178844	8	SimCSE_crossencoder
344	1:7-7	7.4515505	9	SimCSE_crossencoder
344	95:7-8	6.908897	10	SimCSE_crossencoder
345	56:11-26	9.073444	1	SimCSE_crossencoder
345	6:143-144	8.910356	2	SimCSE_crossencoder
345	24:58-61	8.82568	3	SimCSE_crossencoder
345	21:48-50	8.818748	4	SimCSE_crossencoder
345	92:1-7	8.51544	5	SimCSE_crossencoder
345	78:6-16	8.284491	6	SimCSE_crossencoder
345	2:255-255	8.209288	7	SimCSE_crossencoder
345	94:1-4	7.899486	8	SimCSE_crossencoder
345	1:7-7	6.8984785	9	SimCSE_crossencoder
345	2:1-2	5.3982577	10	SimCSE_crossencoder
347	21:30-35	9.474026	1	SimCSE_crossencoder
347	7:96-102	9.437585	2	SimCSE_crossencoder
347	28:85-88	9.398046	3	SimCSE_crossencoder
347	35:39-41	9.393789	4	SimCSE_crossencoder
347	4:101-103	9.25897	5	SimCSE_crossencoder
347	11:116-117	8.906137	6	SimCSE_crossencoder
347	12:1-3	8.901011	7	SimCSE_crossencoder
347	45:36-37	7.954581	8	SimCSE_crossencoder
347	1:7-7	6.913544	9	SimCSE_crossencoder
347	2:1-2	5.596344	10	SimCSE_crossencoder
348	4:92-93	9.054265	1	SimCSE_crossencoder
348	48:24-26	9.00466	2	SimCSE_crossencoder
348	7:142-143	8.933938	3	SimCSE_crossencoder
348	72:14-17	8.840902	4	SimCSE_crossencoder
348	18:21-22	8.834883	5	SimCSE_crossencoder
348	40:36-37	8.802345	6	SimCSE_crossencoder
348	51:24-37	8.787832	7	SimCSE_crossencoder
348	6:145-147	8.748525	8	SimCSE_crossencoder
348	6:125-127	8.715117	9	SimCSE_crossencoder
348	6:161-163	8.5659275	10	SimCSE_crossencoder
349	9:30-31	6.1017857	1	SimCSE_crossencoder
349	33:32-34	5.660965	2	SimCSE_crossencoder
349	48:24-26	5.5947566	3	SimCSE_crossencoder
349	22:58-66	5.5334587	4	SimCSE_crossencoder
349	7:141-141	5.4212503	5	SimCSE_crossencoder
349	2:226-227	5.3107533	6	SimCSE_crossencoder
349	4:34-35	5.305117	7	SimCSE_crossencoder
349	26:10-22	5.165149	8	SimCSE_crossencoder
349	33:59-59	5.013633	9	SimCSE_crossencoder
349	4:74-76	4.9209003	10	SimCSE_crossencoder
350	11:120-123	8.98673	1	SimCSE_crossencoder
350	6:143-144	8.87357	2	SimCSE_crossencoder
350	29:28-35	8.690769	3	SimCSE_crossencoder
350	21:48-50	8.59901	4	SimCSE_crossencoder
350	27:54-58	8.360228	5	SimCSE_crossencoder
350	13:28-29	8.236884	6	SimCSE_crossencoder
350	94:1-4	7.975653	7	SimCSE_crossencoder
350	1:7-7	7.4967356	8	SimCSE_crossencoder
350	95:7-8	7.011468	9	SimCSE_crossencoder
350	2:1-2	5.8587036	10	SimCSE_crossencoder
351	69:25-37	8.453249	1	SimCSE_crossencoder
351	12:80-80	8.126111	2	SimCSE_crossencoder
351	11:45-48	8.016693	3	SimCSE_crossencoder
351	4:104-104	7.7704105	4	SimCSE_crossencoder
351	81:26-29	7.657935	5	SimCSE_crossencoder
351	4:116-116	7.5818605	6	SimCSE_crossencoder
351	78:1-5	7.277569	7	SimCSE_crossencoder
351	95:7-8	7.263946	8	SimCSE_crossencoder
351	1:7-7	5.4992037	9	SimCSE_crossencoder
351	21:91-91	4.862946	10	SimCSE_crossencoder
354	43:36-39	8.829504	1	SimCSE_crossencoder
354	46:29-32	8.757494	2	SimCSE_crossencoder
354	41:25-29	8.725636	3	SimCSE_crossencoder
354	77:29-40	8.6088	4	SimCSE_crossencoder
354	2:259-259	8.588735	5	SimCSE_crossencoder
354	11:100-102	8.520312	6	SimCSE_crossencoder
354	11:116-117	7.600765	7	SimCSE_crossencoder
354	1:7-7	5.993748	8	SimCSE_crossencoder
354	95:7-8	5.8901777	9	SimCSE_crossencoder
354	2:1-2	4.34972	10	SimCSE_crossencoder
356	88:1-7	8.948458	1	SimCSE_crossencoder
356	1:5-6	7.7681117	2	SimCSE_crossencoder
356	94:1-4	7.553219	3	SimCSE_crossencoder
356	107:1-3	7.463516	4	SimCSE_crossencoder
356	37:133-138	7.3016047	5	SimCSE_crossencoder
356	86:1-4	7.292302	6	SimCSE_crossencoder
356	11:49-49	7.2599254	7	SimCSE_crossencoder
356	52:48-49	7.0630693	8	SimCSE_crossencoder
356	1:7-7	6.5124054	9	SimCSE_crossencoder
356	2:1-2	5.8547635	10	SimCSE_crossencoder
357	10:57-60	9.070869	1	SimCSE_crossencoder
357	40:61-66	9.017629	2	SimCSE_crossencoder
357	11:1-5	8.838987	3	SimCSE_crossencoder
357	5:1-2	8.740123	4	SimCSE_crossencoder
357	16:30-32	8.671542	5	SimCSE_crossencoder
357	31:12-13	8.554131	6	SimCSE_crossencoder
357	45:12-13	8.464945	7	SimCSE_crossencoder
357	5:87-88	8.112863	8	SimCSE_crossencoder
357	2:195-195	8.098593	9	SimCSE_crossencoder
357	1:7-7	6.494567	10	SimCSE_crossencoder
358	2:60-62	8.6041155	1	SimCSE_crossencoder
358	76:5-11	8.499588	2	SimCSE_crossencoder
358	88:1-7	8.026718	3	SimCSE_crossencoder
358	5:74-77	7.8831177	4	SimCSE_crossencoder
358	54:47-50	7.356077	5	SimCSE_crossencoder
358	77:41-44	7.281268	6	SimCSE_crossencoder
358	21:91-91	7.053024	7	SimCSE_crossencoder
358	107:1-3	6.41839	8	SimCSE_crossencoder
358	78:1-5	5.0286355	9	SimCSE_crossencoder
358	1:7-7	4.9177265	10	SimCSE_crossencoder
361	4:80-84	9.196134	1	SimCSE_crossencoder
361	4:64-65	9.156341	2	SimCSE_crossencoder
361	5:70-71	9.059092	3	SimCSE_crossencoder
361	77:1-15	9.018375	4	SimCSE_crossencoder
361	64:11-13	9.007159	5	SimCSE_crossencoder
361	23:42-44	8.93076	6	SimCSE_crossencoder
361	8:41-41	8.747896	7	SimCSE_crossencoder
361	16:63-64	8.709062	8	SimCSE_crossencoder
361	9:128-129	8.701773	9	SimCSE_crossencoder
361	48:8-9	8.541612	10	SimCSE_crossencoder
362	17:40-44	9.167859	1	SimCSE_crossencoder
362	43:36-39	9.080864	2	SimCSE_crossencoder
362	11:100-102	9.06004	3	SimCSE_crossencoder
362	41:25-29	9.059568	4	SimCSE_crossencoder
362	47:20-24	8.978902	5	SimCSE_crossencoder
362	11:116-117	8.641974	6	SimCSE_crossencoder
362	4:31-31	8.226949	7	SimCSE_crossencoder
362	74:8-10	7.801558	8	SimCSE_crossencoder
362	107:4-7	7.1744294	9	SimCSE_crossencoder
362	1:7-7	6.833271	10	SimCSE_crossencoder
363	5:61-64	9.016843	1	SimCSE_crossencoder
363	76:5-11	8.964754	2	SimCSE_crossencoder
363	2:259-259	8.860441	3	SimCSE_crossencoder
363	23:31-41	8.772215	4	SimCSE_crossencoder
363	21:89-90	8.764969	5	SimCSE_crossencoder
363	5:4-5	8.730425	6	SimCSE_crossencoder
363	2:249-252	8.720089	7	SimCSE_crossencoder
363	38:49-54	8.664621	8	SimCSE_crossencoder
363	2:177-177	8.370274	9	SimCSE_crossencoder
363	15:78-79	7.193019	10	SimCSE_crossencoder
364	34:40-45	7.4480414	1	SimCSE_crossencoder
364	78:38-40	7.391336	2	SimCSE_crossencoder
364	11:8-11	7.3314877	3	SimCSE_crossencoder
364	40:36-37	6.9821234	4	SimCSE_crossencoder
364	2:211-212	6.522255	5	SimCSE_crossencoder
364	5:109-109	6.512359	6	SimCSE_crossencoder
364	14:47-52	6.382707	7	SimCSE_crossencoder
364	5:4-5	6.3158884	8	SimCSE_crossencoder
364	104:1-9	6.268446	9	SimCSE_crossencoder
364	102:5-8	5.758436	10	SimCSE_crossencoder
365	11:100-102	9.298227	1	SimCSE_crossencoder
365	28:85-88	9.262367	2	SimCSE_crossencoder
365	43:36-39	9.11544	3	SimCSE_crossencoder
365	11:116-117	8.903381	4	SimCSE_crossencoder
365	12:1-3	8.801125	5	SimCSE_crossencoder
365	17:88-89	8.748836	6	SimCSE_crossencoder
365	11:49-49	8.398718	7	SimCSE_crossencoder
365	102:1-4	6.977642	8	SimCSE_crossencoder
365	96:6-8	6.8804646	9	SimCSE_crossencoder
365	1:7-7	6.3733544	10	SimCSE_crossencoder
367	82:1-5	8.287585	1	SimCSE_crossencoder
367	91:11-15	7.69847	2	SimCSE_crossencoder
367	38:21-26	7.6845474	3	SimCSE_crossencoder
367	94:1-4	6.629713	4	SimCSE_crossencoder
367	1:7-7	6.021419	5	SimCSE_crossencoder
367	100:1-5	5.8526998	6	SimCSE_crossencoder
367	107:1-3	5.720155	7	SimCSE_crossencoder
367	7:180-180	5.2001877	8	SimCSE_crossencoder
367	2:1-2	3.4354537	9	SimCSE_crossencoder
367	95:7-8	2.264167	10	SimCSE_crossencoder
368	12:11-15	9.139032	1	SimCSE_crossencoder
368	18:57-59	9.020223	2	SimCSE_crossencoder
368	2:97-98	8.976367	3	SimCSE_crossencoder
368	2:63-66	8.908494	4	SimCSE_crossencoder
368	25:45-55	8.892096	5	SimCSE_crossencoder
368	3:84-85	8.790653	6	SimCSE_crossencoder
368	2:78-79	8.639685	7	SimCSE_crossencoder
368	114:1-6	8.31068	8	SimCSE_crossencoder
368	15:78-79	7.6618395	9	SimCSE_crossencoder
368	2:1-2	5.66014	10	SimCSE_crossencoder
369	35:42-45	9.13433	1	SimCSE_crossencoder
369	4:31-31	8.414196	2	SimCSE_crossencoder
369	78:1-5	8.401203	3	SimCSE_crossencoder
369	107:1-3	8.321936	4	SimCSE_crossencoder
369	67:12-12	8.284428	5	SimCSE_crossencoder
369	95:7-8	8.254285	6	SimCSE_crossencoder
369	107:4-7	8.12747	7	SimCSE_crossencoder
369	1:7-7	7.9091415	8	SimCSE_crossencoder
369	102:1-4	7.197685	9	SimCSE_crossencoder
369	2:1-2	6.586446	10	SimCSE_crossencoder
370	56:11-26	8.387332	1	SimCSE_crossencoder
370	73:10-14	7.748313	2	SimCSE_crossencoder
370	66:9-9	7.6629887	3	SimCSE_crossencoder
370	1:7-7	7.036449	4	SimCSE_crossencoder
370	107:1-3	6.4420223	5	SimCSE_crossencoder
370	52:48-49	6.3904843	6	SimCSE_crossencoder
370	20:114-114	5.9592905	7	SimCSE_crossencoder
370	7:180-180	5.556209	8	SimCSE_crossencoder
370	2:1-2	4.2038546	9	SimCSE_crossencoder
370	95:7-8	3.7160351	10	SimCSE_crossencoder
371	6:84-90	9.210388	1	SimCSE_crossencoder
371	40:34-35	9.016737	2	SimCSE_crossencoder
371	51:24-37	8.953277	3	SimCSE_crossencoder
371	72:25-28	8.908034	4	SimCSE_crossencoder
371	19:51-58	8.817869	5	SimCSE_crossencoder
371	29:14-15	8.698301	6	SimCSE_crossencoder
371	4:163-166	8.666464	7	SimCSE_crossencoder
371	26:105-122	8.398224	8	SimCSE_crossencoder
371	26:160-175	8.386027	9	SimCSE_crossencoder
371	21:91-91	7.610499	10	SimCSE_crossencoder
372	12:36-42	9.456285	1	SimCSE_crossencoder
372	10:37-44	9.409852	2	SimCSE_crossencoder
372	20:49-55	9.1148815	3	SimCSE_crossencoder
372	28:20-21	9.033854	4	SimCSE_crossencoder
372	28:44-46	8.975633	5	SimCSE_crossencoder
372	11:12-12	8.479325	6	SimCSE_crossencoder
372	17:88-89	8.300313	7	SimCSE_crossencoder
372	86:1-4	7.989954	8	SimCSE_crossencoder
372	2:188-188	7.768884	9	SimCSE_crossencoder
372	102:1-4	7.328548	10	SimCSE_crossencoder
373	72:14-17	9.159077	1	SimCSE_crossencoder
373	9:107-110	9.112261	2	SimCSE_crossencoder
373	27:7-14	8.943904	3	SimCSE_crossencoder
373	9:100-100	8.803435	4	SimCSE_crossencoder
373	6:161-163	8.709205	5	SimCSE_crossencoder
373	17:1-1	8.672058	6	SimCSE_crossencoder
373	33:35-35	8.566553	7	SimCSE_crossencoder
373	87:14-19	8.5520935	8	SimCSE_crossencoder
373	20:83-85	8.116288	9	SimCSE_crossencoder
373	43:1-8	7.818548	10	SimCSE_crossencoder
374	2:183-186	6.944514	1	SimCSE_crossencoder
374	2:3-5	6.821436	2	SimCSE_crossencoder
374	5:74-77	6.426824	3	SimCSE_crossencoder
374	20:83-85	6.2246275	4	SimCSE_crossencoder
374	10:90-93	6.1429234	5	SimCSE_crossencoder
374	5:101-102	6.135777	6	SimCSE_crossencoder
374	87:14-19	6.03638	7	SimCSE_crossencoder
374	6:161-163	5.878575	8	SimCSE_crossencoder
374	9:69-70	5.871399	9	SimCSE_crossencoder
374	79:1-5	4.5495977	10	SimCSE_crossencoder
375	65:4-7	7.753628	1	SimCSE_crossencoder
375	7:94-95	7.583595	2	SimCSE_crossencoder
375	40:36-37	7.5757875	3	SimCSE_crossencoder
375	36:55-58	7.381562	4	SimCSE_crossencoder
375	4:22-24	7.288799	5	SimCSE_crossencoder
375	11:116-117	7.1639414	6	SimCSE_crossencoder
375	33:59-59	7.048093	7	SimCSE_crossencoder
375	11:13-14	6.9180965	8	SimCSE_crossencoder
375	6:143-144	6.859413	9	SimCSE_crossencoder
375	12:1-3	6.362069	10	SimCSE_crossencoder
376	23:1-11	7.885992	1	SimCSE_crossencoder
376	25:7-10	7.8623047	2	SimCSE_crossencoder
376	104:1-9	7.602969	3	SimCSE_crossencoder
376	70:22-35	7.602646	4	SimCSE_crossencoder
376	90:11-20	7.43502	5	SimCSE_crossencoder
376	90:5-10	7.3821287	6	SimCSE_crossencoder
376	2:158-158	7.2273846	7	SimCSE_crossencoder
376	4:2-6	7.2032557	8	SimCSE_crossencoder
376	74:32-37	7.0102625	9	SimCSE_crossencoder
376	2:188-188	6.1505933	10	SimCSE_crossencoder
378	4:12-14	9.326636	1	SimCSE_crossencoder
378	2:234-237	9.28892	2	SimCSE_crossencoder
378	25:7-10	9.256413	3	SimCSE_crossencoder
378	4:2-6	9.25314	4	SimCSE_crossencoder
378	70:22-35	9.238955	5	SimCSE_crossencoder
378	4:15-16	9.118528	6	SimCSE_crossencoder
378	76:23-26	9.056526	7	SimCSE_crossencoder
378	2:226-227	9.025964	8	SimCSE_crossencoder
378	75:36-40	8.824537	9	SimCSE_crossencoder
378	2:188-188	7.7132373	10	SimCSE_crossencoder
379	104:1-9	8.990092	1	SimCSE_crossencoder
379	24:39-40	8.913654	2	SimCSE_crossencoder
379	23:51-61	8.883777	3	SimCSE_crossencoder
379	10:104-106	8.59726	4	SimCSE_crossencoder
379	2:211-212	8.458689	5	SimCSE_crossencoder
379	20:83-85	8.2395115	6	SimCSE_crossencoder
379	88:21-26	8.190643	7	SimCSE_crossencoder
379	7:180-180	8.148185	8	SimCSE_crossencoder
379	90:5-10	7.9083333	9	SimCSE_crossencoder
379	112:1-4	6.6353264	10	SimCSE_crossencoder
380	48:27-29	8.748343	1	SimCSE_crossencoder
380	40:36-37	8.608294	2	SimCSE_crossencoder
380	4:92-93	8.313002	3	SimCSE_crossencoder
380	72:14-17	8.164601	4	SimCSE_crossencoder
380	6:161-163	8.163458	5	SimCSE_crossencoder
380	11:13-14	7.907059	6	SimCSE_crossencoder
380	20:83-85	7.507006	7	SimCSE_crossencoder
380	37:167-170	7.5066185	8	SimCSE_crossencoder
380	33:35-35	6.995575	9	SimCSE_crossencoder
380	1:7-7	6.900533	10	SimCSE_crossencoder
381	55:17-25	8.432447	1	SimCSE_crossencoder
381	2:17-20	8.30944	2	SimCSE_crossencoder
381	11:120-123	8.230877	3	SimCSE_crossencoder
381	26:52-68	8.151591	4	SimCSE_crossencoder
381	24:35-38	8.134833	5	SimCSE_crossencoder
381	8:50-51	7.9638205	6	SimCSE_crossencoder
381	2:114-115	7.902151	7	SimCSE_crossencoder
381	82:6-8	6.93874	8	SimCSE_crossencoder
381	1:7-7	6.0116467	9	SimCSE_crossencoder
381	108:1-3	5.8343	10	SimCSE_crossencoder
382	2:284-286	8.854786	1	SimCSE_crossencoder
382	17:90-96	8.796408	2	SimCSE_crossencoder
382	21:30-35	8.731585	3	SimCSE_crossencoder
382	5:32-34	8.687504	4	SimCSE_crossencoder
382	48:16-17	8.587018	5	SimCSE_crossencoder
382	10:24-25	8.41992	6	SimCSE_crossencoder
382	51:38-46	8.389487	7	SimCSE_crossencoder
382	34:24-27	8.386488	8	SimCSE_crossencoder
382	25:7-10	8.361301	9	SimCSE_crossencoder
382	67:13-15	8.088644	10	SimCSE_crossencoder
385	2:17-20	8.066632	1	SimCSE_crossencoder
385	2:114-115	8.016799	2	SimCSE_crossencoder
385	76:12-22	8.014721	3	SimCSE_crossencoder
385	79:27-33	7.6694946	4	SimCSE_crossencoder
385	69:1-8	7.4238725	5	SimCSE_crossencoder
385	55:17-25	7.362149	6	SimCSE_crossencoder
385	8:50-51	7.3522453	7	SimCSE_crossencoder
385	96:6-8	5.986841	8	SimCSE_crossencoder
385	1:7-7	5.3118095	9	SimCSE_crossencoder
385	2:1-2	3.2727444	10	SimCSE_crossencoder
387	8:62-66	8.527694	1	SimCSE_crossencoder
387	26:192-212	8.3436365	2	SimCSE_crossencoder
387	18:25-26	8.274488	3	SimCSE_crossencoder
387	35:27-28	8.243096	4	SimCSE_crossencoder
387	67:28-30	7.9876804	5	SimCSE_crossencoder
387	40:78-78	7.777111	6	SimCSE_crossencoder
387	52:48-49	7.5628963	7	SimCSE_crossencoder
387	45:36-37	7.255924	8	SimCSE_crossencoder
387	37:167-170	7.156127	9	SimCSE_crossencoder
387	112:1-4	7.025466	10	SimCSE_crossencoder
388	3:10-13	7.021681	1	SimCSE_crossencoder
388	7:159-162	6.8945675	2	SimCSE_crossencoder
388	29:14-15	6.679126	3	SimCSE_crossencoder
388	2:3-5	6.5476646	4	SimCSE_crossencoder
388	4:31-31	6.3692565	5	SimCSE_crossencoder
388	52:48-49	5.9799356	6	SimCSE_crossencoder
388	16:14-14	5.848544	7	SimCSE_crossencoder
388	107:1-3	5.648958	8	SimCSE_crossencoder
388	15:78-79	5.3341904	9	SimCSE_crossencoder
388	102:1-4	5.1538744	10	SimCSE_crossencoder
389	29:41-43	9.549135	1	SimCSE_crossencoder
389	9:101-106	9.253252	2	SimCSE_crossencoder
389	2:240-242	9.217829	3	SimCSE_crossencoder
389	2:270-271	9.210139	4	SimCSE_crossencoder
389	13:8-11	9.165312	5	SimCSE_crossencoder
389	5:38-40	9.153837	6	SimCSE_crossencoder
389	18:25-26	9.069934	7	SimCSE_crossencoder
389	6:159-160	9.048261	8	SimCSE_crossencoder
389	72:25-28	8.907224	9	SimCSE_crossencoder
389	21:91-91	6.7927566	10	SimCSE_crossencoder
391	10:37-44	8.5959	1	SimCSE_crossencoder
391	17:45-48	8.587009	2	SimCSE_crossencoder
391	34:31-33	8.552619	3	SimCSE_crossencoder
391	7:94-95	8.536852	4	SimCSE_crossencoder
391	28:85-88	8.452367	5	SimCSE_crossencoder
391	16:98-102	8.384142	6	SimCSE_crossencoder
391	11:116-117	8.328631	7	SimCSE_crossencoder
391	56:75-80	8.275368	8	SimCSE_crossencoder
391	46:29-32	8.272387	9	SimCSE_crossencoder
391	107:1-3	7.5016785	10	SimCSE_crossencoder
392	7:94-95	8.195927	1	SimCSE_crossencoder
392	43:36-39	8.157799	2	SimCSE_crossencoder
392	21:48-50	8.113473	3	SimCSE_crossencoder
392	11:100-102	8.083453	4	SimCSE_crossencoder
392	11:116-117	7.984519	5	SimCSE_crossencoder
392	7:141-141	7.8557434	6	SimCSE_crossencoder
392	12:1-3	7.7474775	7	SimCSE_crossencoder
392	11:49-49	7.715531	8	SimCSE_crossencoder
392	65:4-7	7.711658	9	SimCSE_crossencoder
392	33:59-59	7.659015	10	SimCSE_crossencoder
393	7:96-102	8.189703	1	SimCSE_crossencoder
393	15:90-99	8.136338	2	SimCSE_crossencoder
393	28:85-88	7.8578887	3	SimCSE_crossencoder
393	3:149-151	7.791096	4	SimCSE_crossencoder
393	3:10-13	7.7679195	5	SimCSE_crossencoder
393	11:116-117	7.7643504	6	SimCSE_crossencoder
393	11:49-49	7.657573	7	SimCSE_crossencoder
393	12:1-3	7.6168785	8	SimCSE_crossencoder
393	36:28-32	7.5349026	9	SimCSE_crossencoder
393	70:36-39	7.310466	10	SimCSE_crossencoder
394	40:36-37	8.429781	1	SimCSE_crossencoder
394	39:11-20	8.426073	2	SimCSE_crossencoder
394	11:100-102	8.4240055	3	SimCSE_crossencoder
394	11:116-117	8.286771	4	SimCSE_crossencoder
394	91:11-15	8.2512665	5	SimCSE_crossencoder
394	12:1-3	8.195332	6	SimCSE_crossencoder
394	11:13-14	8.039122	7	SimCSE_crossencoder
394	29:46-47	7.839946	8	SimCSE_crossencoder
394	33:35-35	7.7195354	9	SimCSE_crossencoder
394	107:1-3	7.546898	10	SimCSE_crossencoder
395	40:36-37	8.985188	1	SimCSE_crossencoder
395	5:4-5	8.953761	2	SimCSE_crossencoder
395	6:106-108	8.908667	3	SimCSE_crossencoder
395	4:104-104	8.391253	4	SimCSE_crossencoder
395	7:180-180	8.339671	5	SimCSE_crossencoder
395	37:167-170	8.052637	6	SimCSE_crossencoder
395	107:4-7	7.88496	7	SimCSE_crossencoder
395	95:7-8	7.7968483	8	SimCSE_crossencoder
395	1:7-7	7.6162977	9	SimCSE_crossencoder
395	112:1-4	7.175846	10	SimCSE_crossencoder
396	3:95-97	8.891487	1	SimCSE_crossencoder
396	7:96-102	8.8497505	2	SimCSE_crossencoder
396	12:23-29	8.740902	3	SimCSE_crossencoder
396	36:28-32	8.731464	4	SimCSE_crossencoder
396	28:85-88	8.692346	5	SimCSE_crossencoder
396	40:36-37	8.630956	6	SimCSE_crossencoder
396	11:116-117	8.409512	7	SimCSE_crossencoder
396	12:1-3	7.97512	8	SimCSE_crossencoder
396	1:7-7	6.642122	9	SimCSE_crossencoder
396	107:4-7	6.5821853	10	SimCSE_crossencoder
398	26:10-22	9.084609	1	SimCSE_crossencoder
398	33:7-8	9.082748	2	SimCSE_crossencoder
398	28:20-21	8.994834	3	SimCSE_crossencoder
398	15:45-50	8.926653	4	SimCSE_crossencoder
398	20:99-101	8.853653	5	SimCSE_crossencoder
398	21:48-50	8.651851	6	SimCSE_crossencoder
398	114:1-6	8.515618	7	SimCSE_crossencoder
398	66:9-9	8.375465	8	SimCSE_crossencoder
398	94:1-4	7.666495	9	SimCSE_crossencoder
398	15:78-79	7.522664	10	SimCSE_crossencoder
399	28:20-21	8.724274	1	SimCSE_crossencoder
399	7:144-145	8.562893	2	SimCSE_crossencoder
399	11:12-12	8.516425	3	SimCSE_crossencoder
399	5:20-26	8.45078	4	SimCSE_crossencoder
399	27:7-14	8.395522	5	SimCSE_crossencoder
399	7:138-140	8.322184	6	SimCSE_crossencoder
399	18:60-77	8.112112	7	SimCSE_crossencoder
399	21:48-50	7.9772415	8	SimCSE_crossencoder
399	20:83-85	7.4442883	9	SimCSE_crossencoder
399	1:7-7	6.6539364	10	SimCSE_crossencoder
400	48:18-23	9.554798	1	SimCSE_crossencoder
400	6:145-147	9.458256	2	SimCSE_crossencoder
400	5:3-3	9.285881	3	SimCSE_crossencoder
400	51:24-37	9.267336	4	SimCSE_crossencoder
400	2:224-225	9.183743	5	SimCSE_crossencoder
400	14:24-27	9.175585	6	SimCSE_crossencoder
400	40:61-66	9.160248	7	SimCSE_crossencoder
400	5:4-5	9.156883	8	SimCSE_crossencoder
400	23:12-16	9.009729	9	SimCSE_crossencoder
400	3:8-9	8.893743	10	SimCSE_crossencoder
401	17:45-48	8.9354725	1	SimCSE_crossencoder
401	7:96-102	8.923534	2	SimCSE_crossencoder
401	11:100-102	8.872186	3	SimCSE_crossencoder
401	15:90-99	8.781622	4	SimCSE_crossencoder
401	28:85-88	8.763123	5	SimCSE_crossencoder
401	41:25-29	8.72089	6	SimCSE_crossencoder
401	11:116-117	8.465115	7	SimCSE_crossencoder
401	11:49-49	7.964653	8	SimCSE_crossencoder
401	74:8-10	7.6709	9	SimCSE_crossencoder
401	102:1-4	6.910101	10	SimCSE_crossencoder
402	6:68-70	8.779291	1	SimCSE_crossencoder
402	3:45-51	8.597745	2	SimCSE_crossencoder
402	54:18-22	8.597572	3	SimCSE_crossencoder
402	21:48-50	8.547085	4	SimCSE_crossencoder
402	17:88-89	8.426997	5	SimCSE_crossencoder
402	10:1-2	8.34828	6	SimCSE_crossencoder
402	81:26-29	8.064698	7	SimCSE_crossencoder
402	94:1-4	7.668309	8	SimCSE_crossencoder
402	1:7-7	6.001932	9	SimCSE_crossencoder
402	95:7-8	5.64855	10	SimCSE_crossencoder
404	32:18-22	9.340466	1	SimCSE_crossencoder
404	3:26-27	9.269327	2	SimCSE_crossencoder
404	7:8-10	9.178546	3	SimCSE_crossencoder
404	39:42-44	9.000569	4	SimCSE_crossencoder
404	67:1-5	8.969548	5	SimCSE_crossencoder
404	34:14-14	8.801717	6	SimCSE_crossencoder
404	17:31-35	8.675587	7	SimCSE_crossencoder
404	100:1-5	8.557924	8	SimCSE_crossencoder
404	1:7-7	8.213117	9	SimCSE_crossencoder
404	95:7-8	7.730425	10	SimCSE_crossencoder
405	17:40-44	9.223379	1	SimCSE_crossencoder
405	41:25-29	9.094668	2	SimCSE_crossencoder
405	11:100-102	9.035356	3	SimCSE_crossencoder
405	11:116-117	8.719674	4	SimCSE_crossencoder
405	13:35-35	8.325008	5	SimCSE_crossencoder
405	4:31-31	8.082305	6	SimCSE_crossencoder
405	7:180-180	7.9298444	7	SimCSE_crossencoder
405	67:12-12	7.392168	8	SimCSE_crossencoder
405	107:4-7	6.5490665	9	SimCSE_crossencoder
405	1:7-7	6.2934914	10	SimCSE_crossencoder
407	12:36-42	8.721064	1	SimCSE_crossencoder
407	54:18-22	8.623034	2	SimCSE_crossencoder
407	7:1-3	8.547147	3	SimCSE_crossencoder
407	88:21-26	8.538261	4	SimCSE_crossencoder
407	6:8-11	8.088796	5	SimCSE_crossencoder
407	94:1-4	7.6643596	6	SimCSE_crossencoder
407	107:1-3	7.232189	7	SimCSE_crossencoder
407	1:7-7	5.67142	8	SimCSE_crossencoder
407	95:7-8	5.457461	9	SimCSE_crossencoder
407	2:1-2	3.7337704	10	SimCSE_crossencoder
408	42:13-15	9.115574	1	SimCSE_crossencoder
408	4:92-93	9.044285	2	SimCSE_crossencoder
408	5:96-100	9.032445	3	SimCSE_crossencoder
408	48:27-29	8.820549	4	SimCSE_crossencoder
408	72:14-17	8.799943	5	SimCSE_crossencoder
408	39:11-20	8.76112	6	SimCSE_crossencoder
408	11:13-14	8.48698	7	SimCSE_crossencoder
408	95:7-8	8.152651	8	SimCSE_crossencoder
408	33:35-35	7.5127373	9	SimCSE_crossencoder
408	1:7-7	7.4050703	10	SimCSE_crossencoder
409	6:145-147	8.815546	1	SimCSE_crossencoder
409	56:11-26	8.691005	2	SimCSE_crossencoder
409	11:12-12	8.554144	3	SimCSE_crossencoder
409	7:175-178	8.463112	4	SimCSE_crossencoder
409	74:32-37	7.6147804	5	SimCSE_crossencoder
409	107:1-3	7.5946603	6	SimCSE_crossencoder
409	74:8-10	7.329335	7	SimCSE_crossencoder
409	95:7-8	7.2570477	8	SimCSE_crossencoder
409	1:7-7	6.4157476	9	SimCSE_crossencoder
409	2:1-2	5.622527	10	SimCSE_crossencoder
410	13:38-43	8.784446	1	SimCSE_crossencoder
410	3:98-101	8.500036	2	SimCSE_crossencoder
410	84:6-15	8.381022	3	SimCSE_crossencoder
410	56:75-80	8.230253	4	SimCSE_crossencoder
410	6:59-59	8.162348	5	SimCSE_crossencoder
410	2:78-79	7.9229517	6	SimCSE_crossencoder
410	39:41-41	7.405974	7	SimCSE_crossencoder
410	18:7-8	7.380086	8	SimCSE_crossencoder
410	15:78-79	6.4525337	9	SimCSE_crossencoder
410	2:1-2	4.8340073	10	SimCSE_crossencoder
411	21:30-35	9.148782	1	SimCSE_crossencoder
411	4:80-84	9.147835	2	SimCSE_crossencoder
411	7:96-102	8.898794	3	SimCSE_crossencoder
411	28:85-88	8.852717	4	SimCSE_crossencoder
411	16:98-102	8.840055	5	SimCSE_crossencoder
411	11:116-117	8.62203	6	SimCSE_crossencoder
411	17:88-89	8.577615	7	SimCSE_crossencoder
411	74:8-10	8.164195	8	SimCSE_crossencoder
411	82:9-12	7.9087515	9	SimCSE_crossencoder
411	13:35-35	7.8657517	10	SimCSE_crossencoder
412	7:154-156	8.876888	1	SimCSE_crossencoder
412	6:125-127	8.623553	2	SimCSE_crossencoder
412	4:11-12	8.596111	3	SimCSE_crossencoder
412	19:1-11	8.548206	4	SimCSE_crossencoder
412	10:87-89	8.547847	5	SimCSE_crossencoder
412	72:14-17	8.436129	6	SimCSE_crossencoder
412	38:41-44	8.265858	7	SimCSE_crossencoder
412	20:83-85	8.042405	8	SimCSE_crossencoder
412	114:1-6	7.959531	9	SimCSE_crossencoder
412	94:1-4	6.9464817	10	SimCSE_crossencoder
413	33:32-34	8.31134	1	SimCSE_crossencoder
413	2:234-237	8.227502	2	SimCSE_crossencoder
413	2:222-223	8.012672	3	SimCSE_crossencoder
413	4:34-35	7.9704895	4	SimCSE_crossencoder
413	65:4-7	7.910665	5	SimCSE_crossencoder
413	2:226-227	7.851024	6	SimCSE_crossencoder
413	33:59-59	7.7676105	7	SimCSE_crossencoder
413	4:127-127	7.725759	8	SimCSE_crossencoder
413	4:128-130	7.6947756	9	SimCSE_crossencoder
413	48:24-26	7.531853	10	SimCSE_crossencoder
414	33:42-48	8.692787	1	SimCSE_crossencoder
414	56:41-56	8.5989485	2	SimCSE_crossencoder
414	34:3-5	8.5088415	3	SimCSE_crossencoder
414	17:22-30	8.359672	4	SimCSE_crossencoder
414	33:41-44	8.329317	5	SimCSE_crossencoder
414	26:52-68	8.292223	6	SimCSE_crossencoder
414	27:29-37	8.178911	7	SimCSE_crossencoder
414	22:49-51	8.019644	8	SimCSE_crossencoder
414	82:6-8	7.2451725	9	SimCSE_crossencoder
414	4:31-31	7.1745834	10	SimCSE_crossencoder
415	4:41-42	9.23238	1	SimCSE_crossencoder
415	47:30-32	9.191477	2	SimCSE_crossencoder
415	72:14-17	8.885635	3	SimCSE_crossencoder
415	4:92-93	8.836496	4	SimCSE_crossencoder
415	6:161-163	8.694159	5	SimCSE_crossencoder
415	33:35-35	8.45706	6	SimCSE_crossencoder
415	17:1-1	8.097222	7	SimCSE_crossencoder
415	94:1-4	8.005978	8	SimCSE_crossencoder
415	1:7-7	6.7549543	9	SimCSE_crossencoder
415	2:1-2	6.1516047	10	SimCSE_crossencoder
416	33:35-35	9.489186	1	SimCSE_crossencoder
416	48:27-29	9.477678	2	SimCSE_crossencoder
416	6:125-127	9.453231	3	SimCSE_crossencoder
416	72:14-17	9.323625	4	SimCSE_crossencoder
416	3:84-85	9.202082	5	SimCSE_crossencoder
416	56:88-96	9.180248	6	SimCSE_crossencoder
416	6:161-163	9.049028	7	SimCSE_crossencoder
416	17:1-1	8.52459	8	SimCSE_crossencoder
416	1:1-4	8.281363	9	SimCSE_crossencoder
416	1:7-7	7.9730983	10	SimCSE_crossencoder
417	5:96-100	9.14754	1	SimCSE_crossencoder
417	24:39-40	9.062435	2	SimCSE_crossencoder
417	48:27-29	9.047848	3	SimCSE_crossencoder
417	24:1-3	8.918224	4	SimCSE_crossencoder
417	15:1-9	8.714834	5	SimCSE_crossencoder
417	72:14-17	8.603207	6	SimCSE_crossencoder
417	6:161-163	8.466015	7	SimCSE_crossencoder
417	33:35-35	8.393543	8	SimCSE_crossencoder
417	11:13-14	8.384791	9	SimCSE_crossencoder
417	102:5-8	7.7662916	10	SimCSE_crossencoder
418	59:1-5	8.170513	1	SimCSE_crossencoder
418	39:21-26	7.96007	2	SimCSE_crossencoder
418	48:27-29	7.806978	3	SimCSE_crossencoder
418	51:24-37	7.465931	4	SimCSE_crossencoder
418	39:11-20	7.31413	5	SimCSE_crossencoder
418	31:10-11	7.3118677	6	SimCSE_crossencoder
418	72:14-17	7.300603	7	SimCSE_crossencoder
418	3:84-85	7.242402	8	SimCSE_crossencoder
418	11:13-14	7.1355667	9	SimCSE_crossencoder
418	60:8-9	7.0559545	10	SimCSE_crossencoder
421	7:204-206	8.633611	1	SimCSE_crossencoder
421	3:185-186	8.628297	2	SimCSE_crossencoder
421	51:7-14	8.544654	3	SimCSE_crossencoder
421	69:19-24	8.447574	4	SimCSE_crossencoder
421	23:42-44	8.311658	5	SimCSE_crossencoder
421	41:45-46	8.081711	6	SimCSE_crossencoder
421	16:63-64	7.786391	7	SimCSE_crossencoder
421	74:8-10	7.139834	8	SimCSE_crossencoder
421	78:1-5	6.6742873	9	SimCSE_crossencoder
421	2:1-2	5.0641947	10	SimCSE_crossencoder
422	43:36-39	9.132076	1	SimCSE_crossencoder
422	16:43-50	9.102045	2	SimCSE_crossencoder
422	28:85-88	9.021666	3	SimCSE_crossencoder
422	7:1-3	8.991739	4	SimCSE_crossencoder
422	17:45-48	8.98564	5	SimCSE_crossencoder
422	6:143-144	8.855114	6	SimCSE_crossencoder
422	11:116-117	8.472033	7	SimCSE_crossencoder
422	12:1-3	8.389378	8	SimCSE_crossencoder
422	94:1-4	7.635271	9	SimCSE_crossencoder
422	2:1-2	5.4170885	10	SimCSE_crossencoder
423	11:100-102	8.845242	1	SimCSE_crossencoder
423	40:36-37	8.802	2	SimCSE_crossencoder
423	89:1-14	8.684317	3	SimCSE_crossencoder
423	28:85-88	8.614889	4	SimCSE_crossencoder
423	11:116-117	8.351857	5	SimCSE_crossencoder
423	17:88-89	8.338938	6	SimCSE_crossencoder
423	7:180-180	8.012851	7	SimCSE_crossencoder
423	4:31-31	7.157132	8	SimCSE_crossencoder
423	107:4-7	6.843222	9	SimCSE_crossencoder
423	1:7-7	6.308196	10	SimCSE_crossencoder
425	6:84-90	9.360004	1	SimCSE_crossencoder
425	11:1-5	9.197624	2	SimCSE_crossencoder
425	28:20-21	9.11122	3	SimCSE_crossencoder
425	37:114-122	9.095322	4	SimCSE_crossencoder
425	38:45-48	8.986012	5	SimCSE_crossencoder
425	7:138-140	8.831386	6	SimCSE_crossencoder
425	9:88-89	8.779407	7	SimCSE_crossencoder
425	17:1-1	8.563519	8	SimCSE_crossencoder
425	2:195-195	8.249679	9	SimCSE_crossencoder
425	20:83-85	8.12397	10	SimCSE_crossencoder
426	7:1-3	8.254022	1	SimCSE_crossencoder
426	3:69-74	8.229765	2	SimCSE_crossencoder
426	6:59-59	8.115472	3	SimCSE_crossencoder
426	2:151-153	7.984791	4	SimCSE_crossencoder
426	5:65-66	7.915242	5	SimCSE_crossencoder
426	32:1-3	7.4991674	6	SimCSE_crossencoder
426	4:105-105	6.949136	7	SimCSE_crossencoder
426	74:8-10	6.8272724	8	SimCSE_crossencoder
426	39:41-41	6.4386954	9	SimCSE_crossencoder
426	2:1-2	5.0475264	10	SimCSE_crossencoder
427	52:1-16	8.875239	1	SimCSE_crossencoder
427	18:47-49	8.847681	2	SimCSE_crossencoder
427	46:29-32	8.800095	3	SimCSE_crossencoder
427	15:1-9	8.732058	4	SimCSE_crossencoder
427	28:85-88	8.731394	5	SimCSE_crossencoder
427	84:6-15	8.714455	6	SimCSE_crossencoder
427	7:1-3	8.505891	7	SimCSE_crossencoder
427	13:30-34	8.397748	8	SimCSE_crossencoder
427	74:8-10	7.158615	9	SimCSE_crossencoder
427	2:1-2	5.7967777	10	SimCSE_crossencoder
