101	Q0	11:89-95	1	11.5875435	SimCSE_crossencoder
101	Q0	11:61-68	2	11.56245	SimCSE_crossencoder
101	Q0	54:33-42	3	11.552777	SimCSE_crossencoder
101	Q0	26:141-159	4	11.551918	SimCSE_crossencoder
101	Q0	7:85-93	5	11.547911	SimCSE_crossencoder
101	Q0	43:46-56	6	11.547469	SimCSE_crossencoder
101	Q0	7:130-136	7	11.545162	SimCSE_crossencoder
101	Q0	29:28-35	8	11.535572	SimCSE_crossencoder
101	Q0	22:42-46	9	11.534214	SimCSE_crossencoder
101	Q0	25:35-40	10	11.532086	SimCSE_crossencoder
102	Q0	20:86-94	1	11.542976	SimCSE_crossencoder
102	Q0	23:51-61	2	11.418052	SimCSE_crossencoder
102	Q0	7:148-149	3	11.414173	SimCSE_crossencoder
102	Q0	5:78-81	4	11.37266	SimCSE_crossencoder
102	Q0	70:22-35	5	11.363319	SimCSE_crossencoder
102	Q0	5:70-71	6	11.29606	SimCSE_crossencoder
102	Q0	7:52-53	7	11.284233	SimCSE_crossencoder
102	Q0	90:11-20	8	11.235371	SimCSE_crossencoder
102	Q0	51:7-14	9	11.234756	SimCSE_crossencoder
102	Q0	6:112-113	10	11.1990185	SimCSE_crossencoder
103	Q0	38:1-11	1	11.4421215	SimCSE_crossencoder
103	Q0	58:14-21	2	11.415209	SimCSE_crossencoder
103	Q0	55:37-45	3	11.392223	SimCSE_crossencoder
103	Q0	84:6-15	4	11.344484	SimCSE_crossencoder
103	Q0	4:117-121	5	11.337118	SimCSE_crossencoder
103	Q0	70:40-44	6	11.251575	SimCSE_crossencoder
103	Q0	80:33-42	7	11.247429	SimCSE_crossencoder
103	Q0	17:57-58	8	11.237955	SimCSE_crossencoder
103	Q0	2:233-233	9	11.226977	SimCSE_crossencoder
103	Q0	5:57-58	10	11.2067585	SimCSE_crossencoder
105	Q0	5:78-81	1	11.592117	SimCSE_crossencoder
105	Q0	42:32-36	2	11.583659	SimCSE_crossencoder
105	Q0	77:1-15	3	11.580074	SimCSE_crossencoder
105	Q0	70:8-18	4	11.579988	SimCSE_crossencoder
105	Q0	20:95-98	5	11.569289	SimCSE_crossencoder
105	Q0	90:11-20	6	11.552958	SimCSE_crossencoder
105	Q0	47:30-32	7	11.552661	SimCSE_crossencoder
105	Q0	5:70-71	8	11.544361	SimCSE_crossencoder
105	Q0	69:19-24	9	11.51059	SimCSE_crossencoder
105	Q0	92:12-21	10	11.509481	SimCSE_crossencoder
106	Q0	19:1-11	1	11.609707	SimCSE_crossencoder
106	Q0	43:15-25	2	11.597059	SimCSE_crossencoder
106	Q0	16:90-93	3	11.597035	SimCSE_crossencoder
106	Q0	3:45-51	4	11.588723	SimCSE_crossencoder
106	Q0	70:22-35	5	11.575611	SimCSE_crossencoder
106	Q0	4:171-172	6	11.574734	SimCSE_crossencoder
106	Q0	5:74-77	7	11.574667	SimCSE_crossencoder
106	Q0	3:78-80	8	11.569084	SimCSE_crossencoder
106	Q0	2:233-233	9	11.562954	SimCSE_crossencoder
106	Q0	24:1-3	10	11.562382	SimCSE_crossencoder
107	Q0	37:11-21	1	11.466803	SimCSE_crossencoder
107	Q0	83:7-17	2	11.45115	SimCSE_crossencoder
107	Q0	13:5-7	3	11.396111	SimCSE_crossencoder
107	Q0	39:27-31	4	11.3949795	SimCSE_crossencoder
107	Q0	7:148-149	5	11.350208	SimCSE_crossencoder
107	Q0	11:109-111	6	11.348661	SimCSE_crossencoder
107	Q0	42:44-46	7	11.345755	SimCSE_crossencoder
107	Q0	37:149-157	8	11.314565	SimCSE_crossencoder
107	Q0	79:6-14	9	11.29753	SimCSE_crossencoder
107	Q0	6:51-52	10	11.2943125	SimCSE_crossencoder
108	Q0	83:7-17	1	11.570818	SimCSE_crossencoder
108	Q0	55:37-45	2	11.568117	SimCSE_crossencoder
108	Q0	6:141-142	3	11.559059	SimCSE_crossencoder
108	Q0	69:25-37	4	11.55587	SimCSE_crossencoder
108	Q0	39:27-31	5	11.540093	SimCSE_crossencoder
108	Q0	7:144-145	6	11.506455	SimCSE_crossencoder
108	Q0	11:109-111	7	11.495453	SimCSE_crossencoder
108	Q0	22:19-22	8	11.475021	SimCSE_crossencoder
108	Q0	39:68-70	9	11.464168	SimCSE_crossencoder
108	Q0	37:149-157	10	11.449801	SimCSE_crossencoder
109	Q0	23:51-61	1	11.575163	SimCSE_crossencoder
109	Q0	16:90-93	2	11.574982	SimCSE_crossencoder
109	Q0	21:42-44	3	11.490616	SimCSE_crossencoder
109	Q0	69:25-37	4	11.488604	SimCSE_crossencoder
109	Q0	90:11-20	5	11.413241	SimCSE_crossencoder
109	Q0	43:1-8	6	11.403994	SimCSE_crossencoder
109	Q0	5:57-58	7	11.3992195	SimCSE_crossencoder
109	Q0	21:11-15	8	11.377243	SimCSE_crossencoder
109	Q0	37:149-157	9	11.3641615	SimCSE_crossencoder
109	Q0	92:12-21	10	11.363186	SimCSE_crossencoder
110	Q0	26:1-9	1	11.52183	SimCSE_crossencoder
110	Q0	70:22-35	2	11.512821	SimCSE_crossencoder
110	Q0	70:8-18	3	11.510141	SimCSE_crossencoder
110	Q0	69:25-37	4	11.484303	SimCSE_crossencoder
110	Q0	21:42-44	5	11.465148	SimCSE_crossencoder
110	Q0	36:71-76	6	11.399254	SimCSE_crossencoder
110	Q0	7:144-145	7	11.385946	SimCSE_crossencoder
110	Q0	43:1-8	8	11.372086	SimCSE_crossencoder
110	Q0	90:11-20	9	11.366967	SimCSE_crossencoder
110	Q0	37:149-157	10	11.365651	SimCSE_crossencoder
111	Q0	83:7-17	1	11.146233	SimCSE_crossencoder
111	Q0	22:73-76	2	11.134587	SimCSE_crossencoder
111	Q0	13:5-7	3	11.125536	SimCSE_crossencoder
111	Q0	58:14-21	4	11.11106	SimCSE_crossencoder
111	Q0	55:33-36	5	11.110765	SimCSE_crossencoder
111	Q0	56:41-56	6	11.10914	SimCSE_crossencoder
111	Q0	55:37-45	7	11.102002	SimCSE_crossencoder
111	Q0	72:14-17	8	11.079072	SimCSE_crossencoder
111	Q0	39:27-31	9	11.066582	SimCSE_crossencoder
111	Q0	8:42-44	10	11.054732	SimCSE_crossencoder
112	Q0	18:27-28	1	11.347903	SimCSE_crossencoder
112	Q0	70:22-35	2	11.32476	SimCSE_crossencoder
112	Q0	20:95-98	3	11.32378	SimCSE_crossencoder
112	Q0	70:8-18	4	11.294296	SimCSE_crossencoder
112	Q0	69:25-37	5	11.291639	SimCSE_crossencoder
112	Q0	10:94-97	6	11.257425	SimCSE_crossencoder
112	Q0	11:8-11	7	11.214468	SimCSE_crossencoder
112	Q0	51:7-14	8	11.186111	SimCSE_crossencoder
112	Q0	90:11-20	9	11.094784	SimCSE_crossencoder
112	Q0	77:1-15	10	11.07496	SimCSE_crossencoder
115	Q0	7:11-18	1	11.526035	SimCSE_crossencoder
115	Q0	17:22-30	2	11.523066	SimCSE_crossencoder
115	Q0	11:69-76	3	11.505134	SimCSE_crossencoder
115	Q0	15:26-44	4	11.499144	SimCSE_crossencoder
115	Q0	64:14-18	5	11.475131	SimCSE_crossencoder
115	Q0	33:63-68	6	11.464129	SimCSE_crossencoder
115	Q0	4:92-93	7	11.451527	SimCSE_crossencoder
115	Q0	76:5-11	8	11.442501	SimCSE_crossencoder
115	Q0	56:1-10	9	11.400091	SimCSE_crossencoder
115	Q0	48:16-17	10	11.382245	SimCSE_crossencoder
116	Q0	30:38-41	1	11.481583	SimCSE_crossencoder
116	Q0	16:114-119	2	11.457228	SimCSE_crossencoder
116	Q0	6:33-35	3	11.437762	SimCSE_crossencoder
116	Q0	17:31-35	4	11.425906	SimCSE_crossencoder
116	Q0	5:3-3	5	11.403068	SimCSE_crossencoder
116	Q0	69:25-37	6	11.398066	SimCSE_crossencoder
116	Q0	20:95-98	7	11.395592	SimCSE_crossencoder
116	Q0	90:11-20	8	11.377164	SimCSE_crossencoder
116	Q0	96:9-19	9	11.366407	SimCSE_crossencoder
116	Q0	70:8-18	10	11.336094	SimCSE_crossencoder
118	Q0	70:22-35	1	11.433071	SimCSE_crossencoder
118	Q0	69:25-37	2	11.401248	SimCSE_crossencoder
118	Q0	18:47-49	3	11.388965	SimCSE_crossencoder
118	Q0	20:95-98	4	11.387299	SimCSE_crossencoder
118	Q0	11:109-111	5	11.339004	SimCSE_crossencoder
118	Q0	70:8-18	6	11.324448	SimCSE_crossencoder
118	Q0	43:1-8	7	11.283314	SimCSE_crossencoder
118	Q0	7:144-145	8	11.271402	SimCSE_crossencoder
118	Q0	69:19-24	9	11.244415	SimCSE_crossencoder
118	Q0	23:1-11	10	11.235612	SimCSE_crossencoder
119	Q0	12:69-76	1	11.58847	SimCSE_crossencoder
119	Q0	7:19-25	2	11.588082	SimCSE_crossencoder
119	Q0	28:29-32	3	11.584684	SimCSE_crossencoder
119	Q0	2:34-39	4	11.582705	SimCSE_crossencoder
119	Q0	6:95-99	5	11.577512	SimCSE_crossencoder
119	Q0	20:115-122	6	11.575644	SimCSE_crossencoder
119	Q0	16:65-69	7	11.574354	SimCSE_crossencoder
119	Q0	34:15-19	8	11.573893	SimCSE_crossencoder
119	Q0	37:83-98	9	11.566424	SimCSE_crossencoder
119	Q0	18:32-44	10	11.563131	SimCSE_crossencoder
120	Q0	70:8-18	1	11.607237	SimCSE_crossencoder
120	Q0	2:63-66	2	11.601685	SimCSE_crossencoder
120	Q0	21:36-41	3	11.598831	SimCSE_crossencoder
120	Q0	5:70-71	4	11.598156	SimCSE_crossencoder
120	Q0	69:25-37	5	11.596922	SimCSE_crossencoder
120	Q0	18:47-49	6	11.5942135	SimCSE_crossencoder
120	Q0	21:42-44	7	11.593602	SimCSE_crossencoder
120	Q0	77:1-15	8	11.592773	SimCSE_crossencoder
120	Q0	92:12-21	9	11.592079	SimCSE_crossencoder
120	Q0	53:1-18	10	11.591938	SimCSE_crossencoder
121	Q0	3:59-61	1	11.619044	SimCSE_crossencoder
121	Q0	23:45-50	2	11.612953	SimCSE_crossencoder
121	Q0	31:14-15	3	11.612214	SimCSE_crossencoder
121	Q0	4:32-33	4	11.611916	SimCSE_crossencoder
121	Q0	35:19-26	5	11.607633	SimCSE_crossencoder
121	Q0	31:33-34	6	11.606956	SimCSE_crossencoder
121	Q0	19:88-95	7	11.605249	SimCSE_crossencoder
121	Q0	3:42-44	8	11.603803	SimCSE_crossencoder
121	Q0	89:15-20	9	11.60273	SimCSE_crossencoder
121	Q0	19:51-58	10	11.600933	SimCSE_crossencoder
122	Q0	70:8-18	1	11.608835	SimCSE_crossencoder
122	Q0	37:149-157	2	11.601535	SimCSE_crossencoder
122	Q0	18:47-49	3	11.59929	SimCSE_crossencoder
122	Q0	70:22-35	4	11.599005	SimCSE_crossencoder
122	Q0	21:42-44	5	11.596271	SimCSE_crossencoder
122	Q0	23:51-61	6	11.595313	SimCSE_crossencoder
122	Q0	15:10-15	7	11.594873	SimCSE_crossencoder
122	Q0	20:95-98	8	11.593025	SimCSE_crossencoder
122	Q0	57:22-24	9	11.590788	SimCSE_crossencoder
122	Q0	69:25-37	10	11.590317	SimCSE_crossencoder
123	Q0	38:30-40	1	11.600537	SimCSE_crossencoder
123	Q0	65:1-3	2	11.599792	SimCSE_crossencoder
123	Q0	68:17-33	3	11.586894	SimCSE_crossencoder
123	Q0	33:63-68	4	11.5771885	SimCSE_crossencoder
123	Q0	11:8-11	5	11.574514	SimCSE_crossencoder
123	Q0	7:11-18	6	11.570177	SimCSE_crossencoder
123	Q0	20:86-94	7	11.567926	SimCSE_crossencoder
123	Q0	4:117-121	8	11.5632305	SimCSE_crossencoder
123	Q0	63:5-8	9	11.562536	SimCSE_crossencoder
123	Q0	4:43-43	10	11.55637	SimCSE_crossencoder
125	Q0	17:71-77	1	11.596587	SimCSE_crossencoder
125	Q0	26:192-212	2	11.584377	SimCSE_crossencoder
125	Q0	11:8-11	3	11.574131	SimCSE_crossencoder
125	Q0	77:1-15	4	11.562235	SimCSE_crossencoder
125	Q0	70:22-35	5	11.55678	SimCSE_crossencoder
125	Q0	17:31-35	6	11.548966	SimCSE_crossencoder
125	Q0	70:8-18	7	11.522633	SimCSE_crossencoder
125	Q0	51:15-23	8	11.519	SimCSE_crossencoder
125	Q0	21:42-44	9	11.505457	SimCSE_crossencoder
125	Q0	20:95-98	10	11.5039835	SimCSE_crossencoder
127	Q0	7:19-25	1	11.587936	SimCSE_crossencoder
127	Q0	28:29-32	2	11.583145	SimCSE_crossencoder
127	Q0	47:12-15	3	11.582152	SimCSE_crossencoder
127	Q0	34:15-19	4	11.58074	SimCSE_crossencoder
127	Q0	6:141-142	5	11.57622	SimCSE_crossencoder
127	Q0	56:11-26	6	11.573026	SimCSE_crossencoder
127	Q0	37:62-74	7	11.571585	SimCSE_crossencoder
127	Q0	23:17-22	8	11.566343	SimCSE_crossencoder
127	Q0	9:34-35	9	11.564861	SimCSE_crossencoder
127	Q0	16:80-83	10	11.564206	SimCSE_crossencoder
128	Q0	32:10-14	1	11.58756	SimCSE_crossencoder
128	Q0	17:31-35	2	11.580937	SimCSE_crossencoder
128	Q0	10:45-53	3	11.577003	SimCSE_crossencoder
128	Q0	70:22-35	4	11.574177	SimCSE_crossencoder
128	Q0	21:36-41	5	11.571932	SimCSE_crossencoder
128	Q0	11:8-11	6	11.56616	SimCSE_crossencoder
128	Q0	70:8-18	7	11.561619	SimCSE_crossencoder
128	Q0	69:25-37	8	11.54517	SimCSE_crossencoder
128	Q0	21:42-44	9	11.536692	SimCSE_crossencoder
128	Q0	77:1-15	10	11.527353	SimCSE_crossencoder
129	Q0	25:35-40	1	11.589525	SimCSE_crossencoder
129	Q0	50:1-11	2	11.583045	SimCSE_crossencoder
129	Q0	66:10-12	3	11.581625	SimCSE_crossencoder
129	Q0	10:90-93	4	11.580294	SimCSE_crossencoder
129	Q0	54:9-17	5	11.579283	SimCSE_crossencoder
129	Q0	26:52-68	6	11.578762	SimCSE_crossencoder
129	Q0	51:38-46	7	11.577918	SimCSE_crossencoder
129	Q0	17:66-70	8	11.577669	SimCSE_crossencoder
129	Q0	26:105-122	9	11.576155	SimCSE_crossencoder
129	Q0	11:45-48	10	11.575689	SimCSE_crossencoder
132	Q0	18:78-82	1	11.6082735	SimCSE_crossencoder
132	Q0	4:22-24	2	11.598678	SimCSE_crossencoder
132	Q0	28:7-13	3	11.597286	SimCSE_crossencoder
132	Q0	65:4-7	4	11.595097	SimCSE_crossencoder
132	Q0	45:16-20	5	11.590399	SimCSE_crossencoder
132	Q0	10:57-60	6	11.582084	SimCSE_crossencoder
132	Q0	2:233-233	7	11.580649	SimCSE_crossencoder
132	Q0	23:45-50	8	11.562382	SimCSE_crossencoder
132	Q0	19:88-95	9	11.560546	SimCSE_crossencoder
132	Q0	21:42-44	10	11.555269	SimCSE_crossencoder
133	Q0	55:37-45	1	11.607383	SimCSE_crossencoder
133	Q0	3:181-184	2	11.602253	SimCSE_crossencoder
133	Q0	81:15-25	3	11.599162	SimCSE_crossencoder
133	Q0	55:17-25	4	11.598785	SimCSE_crossencoder
133	Q0	10:94-97	5	11.598602	SimCSE_crossencoder
133	Q0	28:44-46	6	11.598273	SimCSE_crossencoder
133	Q0	12:16-18	7	11.596076	SimCSE_crossencoder
133	Q0	55:33-36	8	11.594965	SimCSE_crossencoder
133	Q0	34:40-45	9	11.591009	SimCSE_crossencoder
133	Q0	73:1-9	10	11.590089	SimCSE_crossencoder
136	Q0	65:1-3	1	11.574656	SimCSE_crossencoder
136	Q0	4:19-21	2	11.53404	SimCSE_crossencoder
136	Q0	13:38-43	3	11.527129	SimCSE_crossencoder
136	Q0	18:27-28	4	11.505663	SimCSE_crossencoder
136	Q0	70:8-18	5	11.502758	SimCSE_crossencoder
136	Q0	4:25-25	6	11.492393	SimCSE_crossencoder
136	Q0	24:1-3	7	11.489017	SimCSE_crossencoder
136	Q0	17:31-35	8	11.481378	SimCSE_crossencoder
136	Q0	98:1-5	9	11.462287	SimCSE_crossencoder
136	Q0	18:47-49	10	11.461611	SimCSE_crossencoder
137	Q0	16:90-93	1	10.644603	SimCSE_crossencoder
137	Q0	7:144-145	2	10.471828	SimCSE_crossencoder
137	Q0	70:8-18	3	10.471172	SimCSE_crossencoder
137	Q0	21:48-50	4	10.297005	SimCSE_crossencoder
137	Q0	8:50-51	5	10.281546	SimCSE_crossencoder
137	Q0	19:12-15	6	10.275474	SimCSE_crossencoder
137	Q0	69:9-12	7	10.239628	SimCSE_crossencoder
137	Q0	51:7-14	8	10.238781	SimCSE_crossencoder
137	Q0	54:18-22	9	10.237209	SimCSE_crossencoder
137	Q0	69:25-37	10	10.203821	SimCSE_crossencoder
138	Q0	15:16-25	1	11.55464	SimCSE_crossencoder
138	Q0	4:153-161	2	11.549294	SimCSE_crossencoder
138	Q0	22:5-7	3	11.545897	SimCSE_crossencoder
138	Q0	45:16-20	4	11.534073	SimCSE_crossencoder
138	Q0	12:19-22	5	11.503996	SimCSE_crossencoder
138	Q0	3:187-189	6	11.499771	SimCSE_crossencoder
138	Q0	37:139-148	7	11.400599	SimCSE_crossencoder
138	Q0	56:27-40	8	11.396411	SimCSE_crossencoder
138	Q0	11:96-99	9	11.386915	SimCSE_crossencoder
138	Q0	40:36-37	10	11.374046	SimCSE_crossencoder
139	Q0	5:94-95	1	11.574611	SimCSE_crossencoder
139	Q0	17:31-35	2	11.56505	SimCSE_crossencoder
139	Q0	42:37-43	3	11.563974	SimCSE_crossencoder
139	Q0	3:181-184	4	11.554732	SimCSE_crossencoder
139	Q0	2:178-179	5	11.523284	SimCSE_crossencoder
139	Q0	7:52-53	6	11.51329	SimCSE_crossencoder
139	Q0	4:64-65	7	11.48305	SimCSE_crossencoder
139	Q0	43:1-8	8	11.4789505	SimCSE_crossencoder
139	Q0	5:70-71	9	11.466768	SimCSE_crossencoder
139	Q0	7:148-149	10	11.463368	SimCSE_crossencoder
140	Q0	39:53-59	1	11.596422	SimCSE_crossencoder
140	Q0	5:94-95	2	11.587208	SimCSE_crossencoder
140	Q0	4:92-93	3	11.575359	SimCSE_crossencoder
140	Q0	17:31-35	4	11.574772	SimCSE_crossencoder
140	Q0	7:150-153	5	11.571658	SimCSE_crossencoder
140	Q0	42:37-43	6	11.570789	SimCSE_crossencoder
140	Q0	3:181-184	7	11.565735	SimCSE_crossencoder
140	Q0	2:178-179	8	11.546625	SimCSE_crossencoder
140	Q0	7:52-53	9	11.539507	SimCSE_crossencoder
140	Q0	39:27-31	10	11.53529	SimCSE_crossencoder
141	Q0	63:5-8	1	10.356692	SimCSE_crossencoder
141	Q0	9:67-68	2	10.329068	SimCSE_crossencoder
141	Q0	12:97-101	3	10.233162	SimCSE_crossencoder
141	Q0	12:7-10	4	10.206338	SimCSE_crossencoder
141	Q0	55:33-36	5	10.122467	SimCSE_crossencoder
141	Q0	49:9-10	6	10.115427	SimCSE_crossencoder
141	Q0	33:60-62	7	10.029416	SimCSE_crossencoder
141	Q0	39:1-5	8	9.89807	SimCSE_crossencoder
141	Q0	3:159-160	9	9.882805	SimCSE_crossencoder
141	Q0	5:72-73	10	9.84982	SimCSE_crossencoder
142	Q0	18:47-49	1	11.5216	SimCSE_crossencoder
142	Q0	56:11-26	2	11.510256	SimCSE_crossencoder
142	Q0	77:1-15	3	11.507773	SimCSE_crossencoder
142	Q0	69:25-37	4	11.470755	SimCSE_crossencoder
142	Q0	70:8-18	5	11.46703	SimCSE_crossencoder
142	Q0	26:1-9	6	11.466469	SimCSE_crossencoder
142	Q0	2:63-66	7	11.387244	SimCSE_crossencoder
142	Q0	7:144-145	8	11.290722	SimCSE_crossencoder
142	Q0	78:31-37	9	11.289283	SimCSE_crossencoder
142	Q0	69:19-24	10	11.2747345	SimCSE_crossencoder
143	Q0	52:17-28	1	11.575485	SimCSE_crossencoder
143	Q0	26:192-212	2	11.55639	SimCSE_crossencoder
143	Q0	21:1-10	3	11.541367	SimCSE_crossencoder
143	Q0	37:1-10	4	11.521715	SimCSE_crossencoder
143	Q0	56:11-26	5	11.513741	SimCSE_crossencoder
143	Q0	74:11-26	6	11.509302	SimCSE_crossencoder
143	Q0	77:1-15	7	11.495235	SimCSE_crossencoder
143	Q0	83:18-28	8	11.4921665	SimCSE_crossencoder
143	Q0	18:27-28	9	11.471507	SimCSE_crossencoder
143	Q0	70:8-18	10	11.469362	SimCSE_crossencoder
144	Q0	3:181-184	1	11.603885	SimCSE_crossencoder
144	Q0	35:19-26	2	11.596088	SimCSE_crossencoder
144	Q0	98:1-5	3	11.591946	SimCSE_crossencoder
144	Q0	56:11-26	4	11.591415	SimCSE_crossencoder
144	Q0	37:50-61	5	11.587893	SimCSE_crossencoder
144	Q0	69:25-37	6	11.587424	SimCSE_crossencoder
144	Q0	28:44-46	7	11.581764	SimCSE_crossencoder
144	Q0	20:86-94	8	11.5703945	SimCSE_crossencoder
144	Q0	39:68-70	9	11.569862	SimCSE_crossencoder
144	Q0	37:149-157	10	11.569469	SimCSE_crossencoder
145	Q0	83:7-17	1	11.23419	SimCSE_crossencoder
145	Q0	11:38-40	2	11.204803	SimCSE_crossencoder
145	Q0	13:5-7	3	11.2013035	SimCSE_crossencoder
145	Q0	39:27-31	4	11.197772	SimCSE_crossencoder
145	Q0	24:1-3	5	11.181133	SimCSE_crossencoder
145	Q0	22:19-22	6	11.086016	SimCSE_crossencoder
145	Q0	7:109-112	7	10.995081	SimCSE_crossencoder
145	Q0	5:38-40	8	10.984793	SimCSE_crossencoder
145	Q0	23:1-11	9	10.977129	SimCSE_crossencoder
145	Q0	55:33-36	10	10.962139	SimCSE_crossencoder
146	Q0	21:36-41	1	11.495058	SimCSE_crossencoder
146	Q0	5:78-81	2	11.446407	SimCSE_crossencoder
146	Q0	98:1-5	3	11.384829	SimCSE_crossencoder
146	Q0	2:174-176	4	11.298319	SimCSE_crossencoder
146	Q0	70:22-35	5	11.270281	SimCSE_crossencoder
146	Q0	70:8-18	6	11.264157	SimCSE_crossencoder
146	Q0	46:19-20	7	11.263073	SimCSE_crossencoder
146	Q0	9:67-68	8	11.19149	SimCSE_crossencoder
146	Q0	90:11-20	9	11.164921	SimCSE_crossencoder
146	Q0	37:149-157	10	11.138784	SimCSE_crossencoder
147	Q0	54:33-42	1	11.565165	SimCSE_crossencoder
147	Q0	83:7-17	2	11.537477	SimCSE_crossencoder
147	Q0	6:141-142	3	11.5003805	SimCSE_crossencoder
147	Q0	70:8-18	4	11.472889	SimCSE_crossencoder
147	Q0	11:109-111	5	11.447979	SimCSE_crossencoder
147	Q0	43:1-8	6	11.420787	SimCSE_crossencoder
147	Q0	37:149-157	7	11.414532	SimCSE_crossencoder
147	Q0	90:11-20	8	11.361597	SimCSE_crossencoder
147	Q0	51:7-14	9	11.34165	SimCSE_crossencoder
147	Q0	54:18-22	10	11.318105	SimCSE_crossencoder
149	Q0	26:1-9	1	11.573578	SimCSE_crossencoder
149	Q0	3:181-184	2	11.567584	SimCSE_crossencoder
149	Q0	19:1-11	3	11.567051	SimCSE_crossencoder
149	Q0	18:1-6	4	11.564604	SimCSE_crossencoder
149	Q0	21:36-41	5	11.563439	SimCSE_crossencoder
149	Q0	11:8-11	6	11.561823	SimCSE_crossencoder
149	Q0	22:73-76	7	11.560947	SimCSE_crossencoder
149	Q0	23:45-50	8	11.560194	SimCSE_crossencoder
149	Q0	69:38-52	9	11.559123	SimCSE_crossencoder
149	Q0	79:15-26	10	11.558243	SimCSE_crossencoder
151	Q0	70:8-18	1	11.600109	SimCSE_crossencoder
151	Q0	26:1-9	2	11.596603	SimCSE_crossencoder
151	Q0	26:192-212	3	11.589555	SimCSE_crossencoder
151	Q0	27:67-75	4	11.588524	SimCSE_crossencoder
151	Q0	77:1-15	5	11.588329	SimCSE_crossencoder
151	Q0	13:38-43	6	11.5853405	SimCSE_crossencoder
151	Q0	3:23-25	7	11.583992	SimCSE_crossencoder
151	Q0	21:42-44	8	11.583006	SimCSE_crossencoder
151	Q0	3:181-184	9	11.582144	SimCSE_crossencoder
151	Q0	17:71-77	10	11.581696	SimCSE_crossencoder
152	Q0	37:11-21	1	11.57083	SimCSE_crossencoder
152	Q0	46:33-35	2	11.566828	SimCSE_crossencoder
152	Q0	18:47-49	3	11.566662	SimCSE_crossencoder
152	Q0	11:38-40	4	11.546286	SimCSE_crossencoder
152	Q0	21:42-44	5	11.54615	SimCSE_crossencoder
152	Q0	70:1-7	6	11.533062	SimCSE_crossencoder
152	Q0	39:68-70	7	11.528428	SimCSE_crossencoder
152	Q0	37:149-157	8	11.5209055	SimCSE_crossencoder
152	Q0	44:34-39	9	11.513417	SimCSE_crossencoder
152	Q0	6:51-52	10	11.506734	SimCSE_crossencoder
153	Q0	3:181-184	1	11.402616	SimCSE_crossencoder
153	Q0	17:31-35	2	11.380804	SimCSE_crossencoder
153	Q0	77:1-15	3	11.301477	SimCSE_crossencoder
153	Q0	21:42-44	4	11.263849	SimCSE_crossencoder
153	Q0	7:52-53	5	11.24286	SimCSE_crossencoder
153	Q0	70:8-18	6	11.150401	SimCSE_crossencoder
153	Q0	43:1-8	7	11.1433735	SimCSE_crossencoder
153	Q0	5:70-71	8	11.131189	SimCSE_crossencoder
153	Q0	46:19-20	9	11.112995	SimCSE_crossencoder
153	Q0	92:12-21	10	11.091365	SimCSE_crossencoder
154	Q0	17:31-35	1	11.579497	SimCSE_crossencoder
154	Q0	70:22-35	2	11.5765505	SimCSE_crossencoder
154	Q0	69:25-37	3	11.568016	SimCSE_crossencoder
154	Q0	70:8-18	4	11.567224	SimCSE_crossencoder
154	Q0	37:149-157	5	11.508707	SimCSE_crossencoder
154	Q0	3:92-94	6	11.505672	SimCSE_crossencoder
154	Q0	43:1-8	7	11.501795	SimCSE_crossencoder
154	Q0	90:11-20	8	11.500687	SimCSE_crossencoder
154	Q0	69:19-24	9	11.482174	SimCSE_crossencoder
154	Q0	51:7-14	10	11.447993	SimCSE_crossencoder
155	Q0	56:11-26	1	11.576282	SimCSE_crossencoder
155	Q0	17:31-35	2	11.571947	SimCSE_crossencoder
155	Q0	26:1-9	3	11.567094	SimCSE_crossencoder
155	Q0	70:8-18	4	11.5540695	SimCSE_crossencoder
155	Q0	69:25-37	5	11.551691	SimCSE_crossencoder
155	Q0	18:47-49	6	11.545122	SimCSE_crossencoder
155	Q0	21:42-44	7	11.528776	SimCSE_crossencoder
155	Q0	37:149-157	8	11.494724	SimCSE_crossencoder
155	Q0	7:144-145	9	11.491302	SimCSE_crossencoder
155	Q0	43:1-8	10	11.49094	SimCSE_crossencoder
159	Q0	16:90-93	1	11.550463	SimCSE_crossencoder
159	Q0	27:29-37	2	11.5436	SimCSE_crossencoder
159	Q0	73:1-9	3	11.431536	SimCSE_crossencoder
159	Q0	39:27-31	4	11.414196	SimCSE_crossencoder
159	Q0	20:25-37	5	11.396491	SimCSE_crossencoder
159	Q0	96:9-19	6	11.383217	SimCSE_crossencoder
159	Q0	84:16-25	7	11.31739	SimCSE_crossencoder
159	Q0	43:1-8	8	11.312213	SimCSE_crossencoder
159	Q0	28:44-46	9	11.301483	SimCSE_crossencoder
159	Q0	5:57-58	10	11.242739	SimCSE_crossencoder
160	Q0	4:163-166	1	11.125472	SimCSE_crossencoder
160	Q0	4:171-172	2	11.074168	SimCSE_crossencoder
160	Q0	90:11-20	3	11.023277	SimCSE_crossencoder
160	Q0	2:87-88	4	10.980783	SimCSE_crossencoder
160	Q0	5:74-77	5	10.931985	SimCSE_crossencoder
160	Q0	9:30-31	6	10.931269	SimCSE_crossencoder
160	Q0	2:163-164	7	10.886965	SimCSE_crossencoder
160	Q0	23:45-50	8	10.8662195	SimCSE_crossencoder
160	Q0	33:7-8	9	10.842357	SimCSE_crossencoder
160	Q0	3:102-109	10	10.842218	SimCSE_crossencoder
163	Q0	70:8-18	1	11.583506	SimCSE_crossencoder
163	Q0	7:52-53	2	11.580624	SimCSE_crossencoder
163	Q0	21:36-41	3	11.578644	SimCSE_crossencoder
163	Q0	23:51-61	4	11.57675	SimCSE_crossencoder
163	Q0	21:42-44	5	11.5726	SimCSE_crossencoder
163	Q0	45:16-20	6	11.571818	SimCSE_crossencoder
163	Q0	43:1-8	7	11.570955	SimCSE_crossencoder
163	Q0	46:19-20	8	11.570241	SimCSE_crossencoder
163	Q0	26:192-212	9	11.565757	SimCSE_crossencoder
163	Q0	7:148-149	10	11.561547	SimCSE_crossencoder
164	Q0	16:43-50	1	11.584732	SimCSE_crossencoder
164	Q0	50:36-45	2	11.584314	SimCSE_crossencoder
164	Q0	24:35-38	3	11.584091	SimCSE_crossencoder
164	Q0	24:41-45	4	11.582402	SimCSE_crossencoder
164	Q0	13:1-4	5	11.581997	SimCSE_crossencoder
164	Q0	16:65-69	6	11.577669	SimCSE_crossencoder
164	Q0	2:30-33	7	11.576181	SimCSE_crossencoder
164	Q0	22:16-18	8	11.573826	SimCSE_crossencoder
164	Q0	16:1-9	9	11.572228	SimCSE_crossencoder
164	Q0	25:56-62	10	11.568601	SimCSE_crossencoder
201	Q0	21:36-41	1	11.586917	SimCSE_crossencoder
201	Q0	70:8-18	2	11.585294	SimCSE_crossencoder
201	Q0	70:22-35	3	11.5824795	SimCSE_crossencoder
201	Q0	23:51-61	4	11.58175	SimCSE_crossencoder
201	Q0	32:10-14	5	11.579069	SimCSE_crossencoder
201	Q0	45:16-20	6	11.576627	SimCSE_crossencoder
201	Q0	18:47-49	7	11.575978	SimCSE_crossencoder
201	Q0	17:31-35	8	11.571577	SimCSE_crossencoder
201	Q0	21:42-44	9	11.570398	SimCSE_crossencoder
201	Q0	20:95-98	10	11.570336	SimCSE_crossencoder
202	Q0	43:1-8	1	11.601696	SimCSE_crossencoder
202	Q0	3:23-25	2	11.601643	SimCSE_crossencoder
202	Q0	46:19-20	3	11.600536	SimCSE_crossencoder
202	Q0	28:44-46	4	11.599807	SimCSE_crossencoder
202	Q0	70:8-18	5	11.597716	SimCSE_crossencoder
202	Q0	37:149-157	6	11.596667	SimCSE_crossencoder
202	Q0	7:144-145	7	11.59399	SimCSE_crossencoder
202	Q0	21:42-44	8	11.59197	SimCSE_crossencoder
202	Q0	2:63-66	9	11.591434	SimCSE_crossencoder
202	Q0	51:7-14	10	11.589363	SimCSE_crossencoder
204	Q0	70:8-18	1	11.6112995	SimCSE_crossencoder
204	Q0	28:44-46	2	11.610504	SimCSE_crossencoder
204	Q0	18:47-49	3	11.600235	SimCSE_crossencoder
204	Q0	35:19-26	4	11.599035	SimCSE_crossencoder
204	Q0	5:70-71	5	11.597624	SimCSE_crossencoder
204	Q0	56:11-26	6	11.596945	SimCSE_crossencoder
204	Q0	46:19-20	7	11.596054	SimCSE_crossencoder
204	Q0	45:16-20	8	11.595864	SimCSE_crossencoder
204	Q0	21:42-44	9	11.595163	SimCSE_crossencoder
204	Q0	3:181-184	10	11.591032	SimCSE_crossencoder
205	Q0	12:97-101	1	11.598251	SimCSE_crossencoder
205	Q0	37:99-113	2	11.595579	SimCSE_crossencoder
205	Q0	51:24-37	3	11.592505	SimCSE_crossencoder
205	Q0	12:23-29	4	11.5920315	SimCSE_crossencoder
205	Q0	12:69-76	5	11.588297	SimCSE_crossencoder
205	Q0	2:190-194	6	11.585997	SimCSE_crossencoder
205	Q0	3:181-184	7	11.58211	SimCSE_crossencoder
205	Q0	5:27-31	8	11.5821085	SimCSE_crossencoder
205	Q0	4:12-14	9	11.581711	SimCSE_crossencoder
205	Q0	5:32-34	10	11.581198	SimCSE_crossencoder
208	Q0	38:1-11	1	11.001148	SimCSE_crossencoder
208	Q0	19:1-11	2	10.867565	SimCSE_crossencoder
208	Q0	2:183-186	3	10.862289	SimCSE_crossencoder
208	Q0	23:42-44	4	10.665264	SimCSE_crossencoder
208	Q0	16:90-93	5	10.632738	SimCSE_crossencoder
208	Q0	43:15-25	6	10.608393	SimCSE_crossencoder
208	Q0	98:1-5	7	10.576442	SimCSE_crossencoder
208	Q0	101:1-5	8	10.554195	SimCSE_crossencoder
208	Q0	52:29-31	9	10.53623	SimCSE_crossencoder
208	Q0	10:45-53	10	10.504526	SimCSE_crossencoder
209	Q0	75:1-15	1	11.581269	SimCSE_crossencoder
209	Q0	16:90-93	2	11.578742	SimCSE_crossencoder
209	Q0	77:1-15	3	11.575378	SimCSE_crossencoder
209	Q0	47:16-19	4	11.565506	SimCSE_crossencoder
209	Q0	90:11-20	5	11.555479	SimCSE_crossencoder
209	Q0	19:16-33	6	11.544107	SimCSE_crossencoder
209	Q0	11:120-123	7	11.540038	SimCSE_crossencoder
209	Q0	37:149-157	8	11.52931	SimCSE_crossencoder
209	Q0	79:34-41	9	11.516954	SimCSE_crossencoder
209	Q0	69:19-24	10	11.509865	SimCSE_crossencoder
211	Q0	70:8-18	1	11.607365	SimCSE_crossencoder
211	Q0	26:192-212	2	11.596416	SimCSE_crossencoder
211	Q0	69:25-37	3	11.59606	SimCSE_crossencoder
211	Q0	77:1-15	4	11.588657	SimCSE_crossencoder
211	Q0	21:42-44	5	11.587555	SimCSE_crossencoder
211	Q0	70:22-35	6	11.586266	SimCSE_crossencoder
211	Q0	10:98-103	7	11.586034	SimCSE_crossencoder
211	Q0	90:11-20	8	11.583142	SimCSE_crossencoder
211	Q0	5:70-71	9	11.577492	SimCSE_crossencoder
211	Q0	10:45-53	10	11.576885	SimCSE_crossencoder
212	Q0	2:233-233	1	11.159607	SimCSE_crossencoder
212	Q0	7:142-143	2	11.097995	SimCSE_crossencoder
212	Q0	39:53-59	3	11.027655	SimCSE_crossencoder
212	Q0	17:31-35	4	10.969311	SimCSE_crossencoder
212	Q0	33:72-73	5	10.879881	SimCSE_crossencoder
212	Q0	58:22-22	6	10.862912	SimCSE_crossencoder
212	Q0	2:178-179	7	10.854595	SimCSE_crossencoder
212	Q0	90:11-20	8	10.846496	SimCSE_crossencoder
212	Q0	4:64-65	9	10.821863	SimCSE_crossencoder
212	Q0	51:7-14	10	10.7374	SimCSE_crossencoder
216	Q0	70:8-18	1	11.600662	SimCSE_crossencoder
216	Q0	5:78-81	2	11.597733	SimCSE_crossencoder
216	Q0	45:16-20	3	11.590879	SimCSE_crossencoder
216	Q0	52:17-28	4	11.589658	SimCSE_crossencoder
216	Q0	56:11-26	5	11.589156	SimCSE_crossencoder
216	Q0	10:98-103	6	11.58848	SimCSE_crossencoder
216	Q0	21:42-44	7	11.588088	SimCSE_crossencoder
216	Q0	69:25-37	8	11.587375	SimCSE_crossencoder
216	Q0	34:10-13	9	11.585384	SimCSE_crossencoder
216	Q0	47:30-32	10	11.584696	SimCSE_crossencoder
217	Q0	7:130-136	1	11.597227	SimCSE_crossencoder
217	Q0	20:86-94	2	11.582855	SimCSE_crossencoder
217	Q0	43:46-56	3	11.580717	SimCSE_crossencoder
217	Q0	20:56-69	4	11.572237	SimCSE_crossencoder
217	Q0	77:1-15	5	11.541754	SimCSE_crossencoder
217	Q0	17:31-35	6	11.538759	SimCSE_crossencoder
217	Q0	5:78-81	7	11.5204315	SimCSE_crossencoder
217	Q0	69:25-37	8	11.493498	SimCSE_crossencoder
217	Q0	51:15-23	9	11.460051	SimCSE_crossencoder
217	Q0	11:38-40	10	11.424919	SimCSE_crossencoder
219	Q0	56:11-26	1	11.600824	SimCSE_crossencoder
219	Q0	45:16-20	2	11.600529	SimCSE_crossencoder
219	Q0	70:8-18	3	11.596304	SimCSE_crossencoder
219	Q0	17:31-35	4	11.593611	SimCSE_crossencoder
219	Q0	77:1-15	5	11.5881405	SimCSE_crossencoder
219	Q0	20:86-94	6	11.582232	SimCSE_crossencoder
219	Q0	90:11-20	7	11.568633	SimCSE_crossencoder
219	Q0	5:70-71	8	11.559683	SimCSE_crossencoder
219	Q0	69:19-24	9	11.529965	SimCSE_crossencoder
219	Q0	19:12-15	10	11.506742	SimCSE_crossencoder
220	Q0	13:38-43	1	11.588412	SimCSE_crossencoder
220	Q0	10:45-53	2	11.576105	SimCSE_crossencoder
220	Q0	70:22-35	3	11.538094	SimCSE_crossencoder
220	Q0	17:31-35	4	11.537685	SimCSE_crossencoder
220	Q0	18:47-49	5	11.535204	SimCSE_crossencoder
220	Q0	3:181-184	6	11.531261	SimCSE_crossencoder
220	Q0	21:42-44	7	11.508896	SimCSE_crossencoder
220	Q0	69:25-37	8	11.495171	SimCSE_crossencoder
220	Q0	98:1-5	9	11.492055	SimCSE_crossencoder
220	Q0	7:52-53	10	11.49008	SimCSE_crossencoder
225	Q0	70:8-18	1	11.598237	SimCSE_crossencoder
225	Q0	11:109-111	2	11.594727	SimCSE_crossencoder
225	Q0	21:42-44	3	11.59135	SimCSE_crossencoder
225	Q0	36:71-76	4	11.590416	SimCSE_crossencoder
225	Q0	43:1-8	5	11.589982	SimCSE_crossencoder
225	Q0	26:1-9	6	11.589944	SimCSE_crossencoder
225	Q0	23:51-61	7	11.586082	SimCSE_crossencoder
225	Q0	21:36-41	8	11.585722	SimCSE_crossencoder
225	Q0	20:95-98	9	11.582006	SimCSE_crossencoder
225	Q0	77:1-15	10	11.577248	SimCSE_crossencoder
227	Q0	45:16-20	1	11.590124	SimCSE_crossencoder
227	Q0	70:8-18	2	11.581605	SimCSE_crossencoder
227	Q0	18:47-49	3	11.579784	SimCSE_crossencoder
227	Q0	69:25-37	4	11.576189	SimCSE_crossencoder
227	Q0	39:27-31	5	11.56365	SimCSE_crossencoder
227	Q0	57:22-24	6	11.507093	SimCSE_crossencoder
227	Q0	37:149-157	7	11.496643	SimCSE_crossencoder
227	Q0	43:1-8	8	11.493475	SimCSE_crossencoder
227	Q0	69:19-24	9	11.480489	SimCSE_crossencoder
227	Q0	51:7-14	10	11.453763	SimCSE_crossencoder
230	Q0	53:1-18	1	11.596554	SimCSE_crossencoder
230	Q0	17:31-35	2	11.593321	SimCSE_crossencoder
230	Q0	23:17-22	3	11.5854	SimCSE_crossencoder
230	Q0	25:7-10	4	11.585026	SimCSE_crossencoder
230	Q0	69:25-37	5	11.580227	SimCSE_crossencoder
230	Q0	70:8-18	6	11.577171	SimCSE_crossencoder
230	Q0	18:47-49	7	11.569738	SimCSE_crossencoder
230	Q0	77:1-15	8	11.569533	SimCSE_crossencoder
230	Q0	21:42-44	9	11.55924	SimCSE_crossencoder
230	Q0	43:1-8	10	11.536443	SimCSE_crossencoder
231	Q0	70:8-18	1	11.598251	SimCSE_crossencoder
231	Q0	50:1-11	2	11.593349	SimCSE_crossencoder
231	Q0	56:11-26	3	11.589967	SimCSE_crossencoder
231	Q0	51:15-23	4	11.588628	SimCSE_crossencoder
231	Q0	70:22-35	5	11.585684	SimCSE_crossencoder
231	Q0	13:38-43	6	11.585466	SimCSE_crossencoder
231	Q0	26:192-212	7	11.585365	SimCSE_crossencoder
231	Q0	21:1-10	8	11.583944	SimCSE_crossencoder
231	Q0	77:1-15	9	11.580242	SimCSE_crossencoder
231	Q0	53:42-56	10	11.576338	SimCSE_crossencoder
232	Q0	70:8-18	1	11.604102	SimCSE_crossencoder
232	Q0	7:46-49	2	11.597134	SimCSE_crossencoder
232	Q0	51:15-23	3	11.589324	SimCSE_crossencoder
232	Q0	77:1-15	4	11.587779	SimCSE_crossencoder
232	Q0	53:42-56	5	11.587391	SimCSE_crossencoder
232	Q0	57:12-15	6	11.585279	SimCSE_crossencoder
232	Q0	20:95-98	7	11.584823	SimCSE_crossencoder
232	Q0	70:22-35	8	11.584261	SimCSE_crossencoder
232	Q0	47:16-19	9	11.584124	SimCSE_crossencoder
232	Q0	16:90-93	10	11.5824375	SimCSE_crossencoder
233	Q0	11:8-11	1	11.399548	SimCSE_crossencoder
233	Q0	20:95-98	2	11.394381	SimCSE_crossencoder
233	Q0	21:42-44	3	11.354853	SimCSE_crossencoder
233	Q0	70:22-35	4	11.334549	SimCSE_crossencoder
233	Q0	70:8-18	5	11.320101	SimCSE_crossencoder
233	Q0	18:47-49	6	11.289244	SimCSE_crossencoder
233	Q0	21:11-15	7	11.27521	SimCSE_crossencoder
233	Q0	11:109-111	8	11.217064	SimCSE_crossencoder
233	Q0	43:1-8	9	11.176692	SimCSE_crossencoder
233	Q0	92:12-21	10	11.138004	SimCSE_crossencoder
235	Q0	45:16-20	1	11.605087	SimCSE_crossencoder
235	Q0	70:22-35	2	11.582613	SimCSE_crossencoder
235	Q0	70:8-18	3	11.572554	SimCSE_crossencoder
235	Q0	11:38-40	4	11.544903	SimCSE_crossencoder
235	Q0	21:42-44	5	11.532854	SimCSE_crossencoder
235	Q0	90:11-20	6	11.52605	SimCSE_crossencoder
235	Q0	79:34-41	7	11.505404	SimCSE_crossencoder
235	Q0	43:1-8	8	11.496021	SimCSE_crossencoder
235	Q0	69:19-24	9	11.477934	SimCSE_crossencoder
235	Q0	92:12-21	10	11.451684	SimCSE_crossencoder
236	Q0	5:94-95	1	11.608455	SimCSE_crossencoder
236	Q0	45:16-20	2	11.597437	SimCSE_crossencoder
236	Q0	3:181-184	3	11.595851	SimCSE_crossencoder
236	Q0	12:19-22	4	11.594282	SimCSE_crossencoder
236	Q0	17:31-35	5	11.593235	SimCSE_crossencoder
236	Q0	37:1-10	6	11.565959	SimCSE_crossencoder
236	Q0	74:11-26	7	11.554397	SimCSE_crossencoder
236	Q0	5:70-71	8	11.522887	SimCSE_crossencoder
236	Q0	4:114-115	9	11.506467	SimCSE_crossencoder
236	Q0	3:23-25	10	11.503422	SimCSE_crossencoder
237	Q0	3:181-184	1	11.594109	SimCSE_crossencoder
237	Q0	5:78-81	2	11.590073	SimCSE_crossencoder
237	Q0	11:8-11	3	11.582725	SimCSE_crossencoder
237	Q0	70:22-35	4	11.57994	SimCSE_crossencoder
237	Q0	70:8-18	5	11.579253	SimCSE_crossencoder
237	Q0	17:31-35	6	11.578415	SimCSE_crossencoder
237	Q0	69:25-37	7	11.5720215	SimCSE_crossencoder
237	Q0	98:1-5	8	11.570602	SimCSE_crossencoder
237	Q0	7:52-53	9	11.555515	SimCSE_crossencoder
237	Q0	74:38-48	10	11.55513	SimCSE_crossencoder
238	Q0	25:35-40	1	11.605731	SimCSE_crossencoder
238	Q0	6:4-7	2	11.604817	SimCSE_crossencoder
238	Q0	18:83-89	3	11.60474	SimCSE_crossencoder
238	Q0	43:46-56	4	11.604418	SimCSE_crossencoder
238	Q0	54:9-17	5	11.604157	SimCSE_crossencoder
238	Q0	17:2-8	6	11.603334	SimCSE_crossencoder
238	Q0	26:141-159	7	11.602133	SimCSE_crossencoder
238	Q0	54:33-42	8	11.602046	SimCSE_crossencoder
238	Q0	7:130-136	9	11.601491	SimCSE_crossencoder
238	Q0	51:38-46	10	11.59997	SimCSE_crossencoder
240	Q0	7:130-136	1	11.613764	SimCSE_crossencoder
240	Q0	54:33-42	2	11.612925	SimCSE_crossencoder
240	Q0	3:181-184	3	11.601812	SimCSE_crossencoder
240	Q0	20:86-94	4	11.596761	SimCSE_crossencoder
240	Q0	25:30-34	5	11.595812	SimCSE_crossencoder
240	Q0	83:7-17	6	11.585524	SimCSE_crossencoder
240	Q0	77:1-15	7	11.578619	SimCSE_crossencoder
240	Q0	70:8-18	8	11.570316	SimCSE_crossencoder
240	Q0	20:25-37	9	11.569037	SimCSE_crossencoder
240	Q0	28:44-46	10	11.562044	SimCSE_crossencoder
243	Q0	56:11-26	1	11.600581	SimCSE_crossencoder
243	Q0	21:36-41	2	11.59228	SimCSE_crossencoder
243	Q0	70:8-18	3	11.585491	SimCSE_crossencoder
243	Q0	69:25-37	4	11.584256	SimCSE_crossencoder
243	Q0	69:38-52	5	11.577335	SimCSE_crossencoder
243	Q0	68:5-16	6	11.576958	SimCSE_crossencoder
243	Q0	7:52-53	7	11.566417	SimCSE_crossencoder
243	Q0	43:1-8	8	11.540543	SimCSE_crossencoder
243	Q0	37:149-157	9	11.536655	SimCSE_crossencoder
243	Q0	5:70-71	10	11.531002	SimCSE_crossencoder
244	Q0	70:8-18	1	11.609657	SimCSE_crossencoder
244	Q0	69:25-37	2	11.609125	SimCSE_crossencoder
244	Q0	56:11-26	3	11.608389	SimCSE_crossencoder
244	Q0	53:1-18	4	11.602264	SimCSE_crossencoder
244	Q0	7:52-53	5	11.601931	SimCSE_crossencoder
244	Q0	21:42-44	6	11.598664	SimCSE_crossencoder
244	Q0	77:1-15	7	11.59641	SimCSE_crossencoder
244	Q0	20:95-98	8	11.595774	SimCSE_crossencoder
244	Q0	46:19-20	9	11.595552	SimCSE_crossencoder
244	Q0	43:1-8	10	11.591891	SimCSE_crossencoder
248	Q0	23:99-114	1	11.552651	SimCSE_crossencoder
248	Q0	11:8-11	2	11.532721	SimCSE_crossencoder
248	Q0	70:22-35	3	11.51985	SimCSE_crossencoder
248	Q0	70:8-18	4	11.508891	SimCSE_crossencoder
248	Q0	37:50-61	5	11.507057	SimCSE_crossencoder
248	Q0	80:33-42	6	11.483272	SimCSE_crossencoder
248	Q0	21:45-47	7	11.48178	SimCSE_crossencoder
248	Q0	98:1-5	8	11.474056	SimCSE_crossencoder
248	Q0	79:6-14	9	11.457422	SimCSE_crossencoder
248	Q0	90:11-20	10	11.454808	SimCSE_crossencoder
249	Q0	17:57-58	1	11.593578	SimCSE_crossencoder
249	Q0	11:96-99	2	11.592035	SimCSE_crossencoder
249	Q0	8:52-54	3	11.591926	SimCSE_crossencoder
249	Q0	67:6-11	4	11.588549	SimCSE_crossencoder
249	Q0	44:40-50	5	11.588103	SimCSE_crossencoder
249	Q0	51:38-46	6	11.587257	SimCSE_crossencoder
249	Q0	59:21-24	7	11.5850525	SimCSE_crossencoder
249	Q0	2:275-276	8	11.58465	SimCSE_crossencoder
249	Q0	24:39-40	9	11.584457	SimCSE_crossencoder
249	Q0	5:72-73	10	11.584203	SimCSE_crossencoder
251	Q0	23:45-50	1	11.59938	SimCSE_crossencoder
251	Q0	29:38-40	2	11.599229	SimCSE_crossencoder
251	Q0	24:39-40	3	11.598146	SimCSE_crossencoder
251	Q0	74:38-48	4	11.597124	SimCSE_crossencoder
251	Q0	96:9-19	5	11.596895	SimCSE_crossencoder
251	Q0	56:88-96	6	11.594931	SimCSE_crossencoder
251	Q0	11:38-40	7	11.594357	SimCSE_crossencoder
251	Q0	42:32-36	8	11.594139	SimCSE_crossencoder
251	Q0	2:49-52	9	11.593458	SimCSE_crossencoder
251	Q0	7:148-149	10	11.590645	SimCSE_crossencoder
252	Q0	3:181-184	1	11.570368	SimCSE_crossencoder
252	Q0	17:31-35	2	11.56988	SimCSE_crossencoder
252	Q0	26:1-9	3	11.553523	SimCSE_crossencoder
252	Q0	77:1-15	4	11.537897	SimCSE_crossencoder
252	Q0	69:25-37	5	11.527946	SimCSE_crossencoder
252	Q0	25:7-10	6	11.5232935	SimCSE_crossencoder
252	Q0	21:42-44	7	11.501365	SimCSE_crossencoder
252	Q0	10:94-97	8	11.465834	SimCSE_crossencoder
252	Q0	43:1-8	9	11.451121	SimCSE_crossencoder
252	Q0	37:149-157	10	11.450115	SimCSE_crossencoder
253	Q0	70:8-18	1	11.596048	SimCSE_crossencoder
253	Q0	26:1-9	2	11.592173	SimCSE_crossencoder
253	Q0	7:52-53	3	11.588535	SimCSE_crossencoder
253	Q0	21:36-41	4	11.588033	SimCSE_crossencoder
253	Q0	69:25-37	5	11.587457	SimCSE_crossencoder
253	Q0	45:16-20	6	11.585688	SimCSE_crossencoder
253	Q0	26:192-212	7	11.584591	SimCSE_crossencoder
253	Q0	21:42-44	8	11.584061	SimCSE_crossencoder
253	Q0	46:19-20	9	11.579683	SimCSE_crossencoder
253	Q0	5:70-71	10	11.575271	SimCSE_crossencoder
255	Q0	70:8-18	1	11.607211	SimCSE_crossencoder
255	Q0	2:165-167	2	11.605532	SimCSE_crossencoder
255	Q0	10:71-73	3	11.602546	SimCSE_crossencoder
255	Q0	11:8-11	4	11.596372	SimCSE_crossencoder
255	Q0	70:22-35	5	11.594557	SimCSE_crossencoder
255	Q0	21:42-44	6	11.592539	SimCSE_crossencoder
255	Q0	10:98-103	7	11.59104	SimCSE_crossencoder
255	Q0	5:70-71	8	11.585945	SimCSE_crossencoder
255	Q0	2:177-177	9	11.585203	SimCSE_crossencoder
255	Q0	47:30-32	10	11.582667	SimCSE_crossencoder
257	Q0	70:8-18	1	11.595322	SimCSE_crossencoder
257	Q0	26:1-9	2	11.593811	SimCSE_crossencoder
257	Q0	26:192-212	3	11.590754	SimCSE_crossencoder
257	Q0	21:36-41	4	11.58995	SimCSE_crossencoder
257	Q0	45:16-20	5	11.589722	SimCSE_crossencoder
257	Q0	69:25-37	6	11.585541	SimCSE_crossencoder
257	Q0	7:52-53	7	11.58406	SimCSE_crossencoder
257	Q0	25:7-10	8	11.58122	SimCSE_crossencoder
257	Q0	77:1-15	9	11.57634	SimCSE_crossencoder
257	Q0	21:42-44	10	11.5717535	SimCSE_crossencoder
258	Q0	21:36-41	1	11.595305	SimCSE_crossencoder
258	Q0	70:22-35	2	11.592035	SimCSE_crossencoder
258	Q0	70:8-18	3	11.587585	SimCSE_crossencoder
258	Q0	69:25-37	4	11.587527	SimCSE_crossencoder
258	Q0	10:45-53	5	11.581425	SimCSE_crossencoder
258	Q0	77:1-15	6	11.574917	SimCSE_crossencoder
258	Q0	20:86-94	7	11.574797	SimCSE_crossencoder
258	Q0	18:47-49	8	11.574023	SimCSE_crossencoder
258	Q0	21:42-44	9	11.5631485	SimCSE_crossencoder
258	Q0	2:63-66	10	11.527184	SimCSE_crossencoder
265	Q0	27:67-75	1	11.586971	SimCSE_crossencoder
265	Q0	26:192-212	2	11.579591	SimCSE_crossencoder
265	Q0	17:31-35	3	11.554094	SimCSE_crossencoder
265	Q0	45:16-20	4	11.551811	SimCSE_crossencoder
265	Q0	77:1-15	5	11.5399	SimCSE_crossencoder
265	Q0	69:25-37	6	11.506386	SimCSE_crossencoder
265	Q0	70:8-18	7	11.494965	SimCSE_crossencoder
265	Q0	21:42-44	8	11.480988	SimCSE_crossencoder
265	Q0	90:11-20	9	11.461418	SimCSE_crossencoder
265	Q0	46:19-20	10	11.437142	SimCSE_crossencoder
266	Q0	5:78-81	1	11.604071	SimCSE_crossencoder
266	Q0	26:192-212	2	11.593669	SimCSE_crossencoder
266	Q0	70:8-18	3	11.593589	SimCSE_crossencoder
266	Q0	21:1-10	4	11.591867	SimCSE_crossencoder
266	Q0	10:98-103	5	11.588887	SimCSE_crossencoder
266	Q0	69:25-37	6	11.587112	SimCSE_crossencoder
266	Q0	51:15-23	7	11.584944	SimCSE_crossencoder
266	Q0	77:1-15	8	11.583843	SimCSE_crossencoder
266	Q0	70:22-35	9	11.583631	SimCSE_crossencoder
266	Q0	20:95-98	10	11.581005	SimCSE_crossencoder
268	Q0	70:8-18	1	11.61474	SimCSE_crossencoder
268	Q0	3:181-184	2	11.606234	SimCSE_crossencoder
268	Q0	23:45-50	3	11.602856	SimCSE_crossencoder
268	Q0	37:50-61	4	11.602476	SimCSE_crossencoder
268	Q0	28:44-46	5	11.601364	SimCSE_crossencoder
268	Q0	90:11-20	6	11.600037	SimCSE_crossencoder
268	Q0	26:10-22	7	11.597979	SimCSE_crossencoder
268	Q0	20:95-98	8	11.5978565	SimCSE_crossencoder
268	Q0	12:58-62	9	11.597651	SimCSE_crossencoder
268	Q0	70:22-35	10	11.597532	SimCSE_crossencoder
301	Q0	26:192-212	1	11.584004	SimCSE_crossencoder
301	Q0	2:146-150	2	11.578911	SimCSE_crossencoder
301	Q0	20:86-94	3	11.567618	SimCSE_crossencoder
301	Q0	3:102-109	4	11.55538	SimCSE_crossencoder
301	Q0	74:11-26	5	11.543425	SimCSE_crossencoder
301	Q0	18:47-49	6	11.53101	SimCSE_crossencoder
301	Q0	77:1-15	7	11.524983	SimCSE_crossencoder
301	Q0	69:25-37	8	11.504465	SimCSE_crossencoder
301	Q0	98:1-5	9	11.503792	SimCSE_crossencoder
301	Q0	70:8-18	10	11.503733	SimCSE_crossencoder
302	Q0	3:181-184	1	10.962431	SimCSE_crossencoder
302	Q0	3:75-77	2	10.945967	SimCSE_crossencoder
302	Q0	79:15-26	3	10.928776	SimCSE_crossencoder
302	Q0	70:22-35	4	10.858421	SimCSE_crossencoder
302	Q0	70:8-18	5	10.819818	SimCSE_crossencoder
302	Q0	83:7-17	6	10.747236	SimCSE_crossencoder
302	Q0	69:25-37	7	10.645552	SimCSE_crossencoder
302	Q0	43:1-8	8	10.57147	SimCSE_crossencoder
302	Q0	85:17-22	9	10.557076	SimCSE_crossencoder
302	Q0	21:45-47	10	10.545517	SimCSE_crossencoder
303	Q0	48:27-29	1	11.593483	SimCSE_crossencoder
303	Q0	24:35-38	2	11.590847	SimCSE_crossencoder
303	Q0	2:216-218	3	11.590597	SimCSE_crossencoder
303	Q0	22:25-29	4	11.589501	SimCSE_crossencoder
303	Q0	8:72-75	5	11.5870075	SimCSE_crossencoder
303	Q0	9:23-24	6	11.58504	SimCSE_crossencoder
303	Q0	5:1-2	7	11.584971	SimCSE_crossencoder
303	Q0	5:6-6	8	11.584406	SimCSE_crossencoder
303	Q0	3:86-91	9	11.582863	SimCSE_crossencoder
303	Q0	9:81-85	10	11.582827	SimCSE_crossencoder
304	Q0	17:71-77	1	11.541333	SimCSE_crossencoder
304	Q0	74:11-26	2	11.518593	SimCSE_crossencoder
304	Q0	21:36-41	3	11.494063	SimCSE_crossencoder
304	Q0	4:135-136	4	11.472555	SimCSE_crossencoder
304	Q0	26:192-212	5	11.46479	SimCSE_crossencoder
304	Q0	17:31-35	6	11.437475	SimCSE_crossencoder
304	Q0	26:1-9	7	11.425594	SimCSE_crossencoder
304	Q0	70:8-18	8	11.420052	SimCSE_crossencoder
304	Q0	70:22-35	9	11.417104	SimCSE_crossencoder
304	Q0	69:25-37	10	11.37364	SimCSE_crossencoder
306	Q0	3:26-27	1	11.605314	SimCSE_crossencoder
306	Q0	35:27-28	2	11.5878935	SimCSE_crossencoder
306	Q0	12:7-10	3	11.584814	SimCSE_crossencoder
306	Q0	16:65-69	4	11.583301	SimCSE_crossencoder
306	Q0	41:37-39	5	11.58305	SimCSE_crossencoder
306	Q0	5:112-115	6	11.582325	SimCSE_crossencoder
306	Q0	55:33-36	7	11.581743	SimCSE_crossencoder
306	Q0	39:1-5	8	11.580839	SimCSE_crossencoder
306	Q0	5:72-73	9	11.578342	SimCSE_crossencoder
306	Q0	2:246-246	10	11.576572	SimCSE_crossencoder
307	Q0	5:35-37	1	11.579572	SimCSE_crossencoder
307	Q0	48:5-7	2	11.575153	SimCSE_crossencoder
307	Q0	16:125-128	3	11.572173	SimCSE_crossencoder
307	Q0	10:26-27	4	11.571997	SimCSE_crossencoder
307	Q0	9:50-52	5	11.570475	SimCSE_crossencoder
307	Q0	2:165-167	6	11.569485	SimCSE_crossencoder
307	Q0	11:112-115	7	11.569347	SimCSE_crossencoder
307	Q0	42:37-43	8	11.56727	SimCSE_crossencoder
307	Q0	28:51-56	9	11.56584	SimCSE_crossencoder
307	Q0	4:17-18	10	11.565089	SimCSE_crossencoder
308	Q0	3:75-77	1	11.602806	SimCSE_crossencoder
308	Q0	9:111-112	2	11.60204	SimCSE_crossencoder
308	Q0	46:33-35	3	11.601164	SimCSE_crossencoder
308	Q0	26:10-22	4	11.59351	SimCSE_crossencoder
308	Q0	4:92-93	5	11.592365	SimCSE_crossencoder
308	Q0	2:233-233	6	11.592196	SimCSE_crossencoder
308	Q0	8:52-54	7	11.582774	SimCSE_crossencoder
308	Q0	5:38-40	8	11.57922	SimCSE_crossencoder
308	Q0	33:35-35	9	11.575739	SimCSE_crossencoder
308	Q0	30:1-7	10	11.572998	SimCSE_crossencoder
310	Q0	2:183-186	1	11.592184	SimCSE_crossencoder
310	Q0	3:145-148	2	11.587593	SimCSE_crossencoder
310	Q0	9:7-11	3	11.575197	SimCSE_crossencoder
310	Q0	3:86-91	4	11.57302	SimCSE_crossencoder
310	Q0	2:165-167	5	11.570037	SimCSE_crossencoder
310	Q0	5:74-77	6	11.568133	SimCSE_crossencoder
310	Q0	42:23-26	7	11.567596	SimCSE_crossencoder
310	Q0	70:22-35	8	11.567228	SimCSE_crossencoder
310	Q0	18:27-28	9	11.555945	SimCSE_crossencoder
310	Q0	66:8-8	10	11.542925	SimCSE_crossencoder
311	Q0	13:38-43	1	11.586413	SimCSE_crossencoder
311	Q0	20:86-94	2	11.580914	SimCSE_crossencoder
311	Q0	3:75-77	3	11.580086	SimCSE_crossencoder
311	Q0	3:181-184	4	11.569001	SimCSE_crossencoder
311	Q0	68:5-16	5	11.557608	SimCSE_crossencoder
311	Q0	5:78-81	6	11.557236	SimCSE_crossencoder
311	Q0	74:11-26	7	11.555925	SimCSE_crossencoder
311	Q0	17:83-87	8	11.539112	SimCSE_crossencoder
311	Q0	9:60-61	9	11.532343	SimCSE_crossencoder
311	Q0	4:114-115	10	11.522381	SimCSE_crossencoder
313	Q0	10:45-53	1	11.5495205	SimCSE_crossencoder
313	Q0	17:31-35	2	11.480696	SimCSE_crossencoder
313	Q0	69:25-37	3	11.456776	SimCSE_crossencoder
313	Q0	77:1-15	4	11.444543	SimCSE_crossencoder
313	Q0	70:22-35	5	11.433	SimCSE_crossencoder
313	Q0	5:78-81	6	11.411667	SimCSE_crossencoder
313	Q0	70:8-18	7	11.396582	SimCSE_crossencoder
313	Q0	37:50-61	8	11.394767	SimCSE_crossencoder
313	Q0	5:70-71	9	11.351282	SimCSE_crossencoder
313	Q0	4:64-65	10	11.34831	SimCSE_crossencoder
314	Q0	26:192-212	1	11.131861	SimCSE_crossencoder
314	Q0	10:45-53	2	10.968484	SimCSE_crossencoder
314	Q0	39:53-59	3	10.933316	SimCSE_crossencoder
314	Q0	90:11-20	4	10.887445	SimCSE_crossencoder
314	Q0	17:31-35	5	10.8295555	SimCSE_crossencoder
314	Q0	98:1-5	6	10.796859	SimCSE_crossencoder
314	Q0	51:7-14	7	10.762078	SimCSE_crossencoder
314	Q0	9:128-129	8	10.736862	SimCSE_crossencoder
314	Q0	7:8-10	9	10.689802	SimCSE_crossencoder
314	Q0	23:42-44	10	10.654915	SimCSE_crossencoder
316	Q0	7:154-156	1	11.564432	SimCSE_crossencoder
316	Q0	30:38-41	2	11.52731	SimCSE_crossencoder
316	Q0	3:133-136	3	11.511871	SimCSE_crossencoder
316	Q0	42:37-43	4	11.49786	SimCSE_crossencoder
316	Q0	70:22-35	5	11.476826	SimCSE_crossencoder
316	Q0	17:18-21	6	11.475403	SimCSE_crossencoder
316	Q0	98:1-5	7	11.474847	SimCSE_crossencoder
316	Q0	9:53-55	8	11.44738	SimCSE_crossencoder
316	Q0	23:1-11	9	11.438296	SimCSE_crossencoder
316	Q0	2:253-254	10	11.429695	SimCSE_crossencoder
317	Q0	3:118-120	1	11.4623	SimCSE_crossencoder
317	Q0	3:102-109	2	11.461899	SimCSE_crossencoder
317	Q0	63:5-8	3	11.453993	SimCSE_crossencoder
317	Q0	5:112-115	4	11.448475	SimCSE_crossencoder
317	Q0	3:62-68	5	11.438998	SimCSE_crossencoder
317	Q0	55:37-45	6	11.392405	SimCSE_crossencoder
317	Q0	58:12-13	7	11.372998	SimCSE_crossencoder
317	Q0	4:43-43	8	11.35793	SimCSE_crossencoder
317	Q0	3:26-27	9	11.319857	SimCSE_crossencoder
317	Q0	12:7-10	10	11.3181	SimCSE_crossencoder
323	Q0	5:3-3	1	11.564346	SimCSE_crossencoder
323	Q0	3:102-109	2	11.551922	SimCSE_crossencoder
323	Q0	33:35-35	3	11.550648	SimCSE_crossencoder
323	Q0	3:133-136	4	11.549883	SimCSE_crossencoder
323	Q0	47:25-29	5	11.547689	SimCSE_crossencoder
323	Q0	80:1-16	6	11.546696	SimCSE_crossencoder
323	Q0	5:4-5	7	11.545655	SimCSE_crossencoder
323	Q0	34:3-5	8	11.543067	SimCSE_crossencoder
323	Q0	2:180-182	9	11.530375	SimCSE_crossencoder
323	Q0	31:14-15	10	11.529985	SimCSE_crossencoder
324	Q0	59:11-17	1	11.589195	SimCSE_crossencoder
324	Q0	3:1-7	2	11.587298	SimCSE_crossencoder
324	Q0	5:44-47	3	11.584944	SimCSE_crossencoder
324	Q0	17:105-111	4	11.577301	SimCSE_crossencoder
324	Q0	3:62-68	5	11.572413	SimCSE_crossencoder
324	Q0	17:78-82	6	11.569246	SimCSE_crossencoder
324	Q0	15:1-9	7	11.567263	SimCSE_crossencoder
324	Q0	4:92-93	8	11.562426	SimCSE_crossencoder
324	Q0	41:37-39	9	11.559565	SimCSE_crossencoder
324	Q0	6:91-92	10	11.559261	SimCSE_crossencoder
325	Q0	2:177-177	1	11.365355	SimCSE_crossencoder
325	Q0	2:146-150	2	11.25489	SimCSE_crossencoder
325	Q0	37:1-10	3	11.127159	SimCSE_crossencoder
325	Q0	2:174-176	4	11.067363	SimCSE_crossencoder
325	Q0	55:17-25	5	11.054039	SimCSE_crossencoder
325	Q0	98:1-5	6	11.03279	SimCSE_crossencoder
325	Q0	55:37-45	7	11.016329	SimCSE_crossencoder
325	Q0	11:109-111	8	10.995985	SimCSE_crossencoder
325	Q0	39:68-70	9	10.921211	SimCSE_crossencoder
325	Q0	54:51-55	10	10.881469	SimCSE_crossencoder
326	Q0	16:90-93	1	11.583859	SimCSE_crossencoder
326	Q0	11:8-11	2	11.526549	SimCSE_crossencoder
326	Q0	69:25-37	3	11.51194	SimCSE_crossencoder
326	Q0	70:22-35	4	11.484337	SimCSE_crossencoder
326	Q0	70:8-18	5	11.456809	SimCSE_crossencoder
326	Q0	7:52-53	6	11.406184	SimCSE_crossencoder
326	Q0	39:68-70	7	11.401813	SimCSE_crossencoder
326	Q0	57:22-24	8	11.353369	SimCSE_crossencoder
326	Q0	90:11-20	9	11.346108	SimCSE_crossencoder
326	Q0	7:8-10	10	11.255213	SimCSE_crossencoder
327	Q0	16:90-93	1	11.241972	SimCSE_crossencoder
327	Q0	37:1-10	2	11.207092	SimCSE_crossencoder
327	Q0	98:1-5	3	11.107931	SimCSE_crossencoder
327	Q0	90:11-20	4	11.093307	SimCSE_crossencoder
327	Q0	17:31-35	5	11.059414	SimCSE_crossencoder
327	Q0	11:109-111	6	11.028416	SimCSE_crossencoder
327	Q0	92:12-21	7	10.962366	SimCSE_crossencoder
327	Q0	23:42-44	8	10.957629	SimCSE_crossencoder
327	Q0	8:50-51	9	10.956482	SimCSE_crossencoder
327	Q0	37:50-61	10	10.939613	SimCSE_crossencoder
328	Q0	46:19-20	1	11.609947	SimCSE_crossencoder
328	Q0	37:149-157	2	11.608805	SimCSE_crossencoder
328	Q0	3:23-25	3	11.608165	SimCSE_crossencoder
328	Q0	57:22-24	4	11.604427	SimCSE_crossencoder
328	Q0	51:7-14	5	11.603426	SimCSE_crossencoder
328	Q0	70:8-18	6	11.602114	SimCSE_crossencoder
328	Q0	51:15-23	7	11.601229	SimCSE_crossencoder
328	Q0	92:12-21	8	11.600931	SimCSE_crossencoder
328	Q0	21:42-44	9	11.60041	SimCSE_crossencoder
328	Q0	69:25-37	10	11.594888	SimCSE_crossencoder
332	Q0	83:18-28	1	11.617092	SimCSE_crossencoder
332	Q0	70:1-7	2	11.608041	SimCSE_crossencoder
332	Q0	44:51-59	3	11.606702	SimCSE_crossencoder
332	Q0	83:7-17	4	11.604503	SimCSE_crossencoder
332	Q0	70:8-18	5	11.604435	SimCSE_crossencoder
332	Q0	85:1-9	6	11.602463	SimCSE_crossencoder
332	Q0	78:21-30	7	11.601763	SimCSE_crossencoder
332	Q0	22:19-22	8	11.597326	SimCSE_crossencoder
332	Q0	18:47-49	9	11.593925	SimCSE_crossencoder
332	Q0	77:1-15	10	11.593809	SimCSE_crossencoder
334	Q0	110:1-3	1	11.580467	SimCSE_crossencoder
334	Q0	5:87-88	2	11.579284	SimCSE_crossencoder
334	Q0	33:59-59	3	11.578806	SimCSE_crossencoder
334	Q0	15:87-89	4	11.577354	SimCSE_crossencoder
334	Q0	2:226-227	5	11.576618	SimCSE_crossencoder
334	Q0	9:86-87	6	11.567991	SimCSE_crossencoder
334	Q0	58:11-11	7	11.561608	SimCSE_crossencoder
334	Q0	4:127-127	8	11.558122	SimCSE_crossencoder
334	Q0	2:246-246	9	11.55722	SimCSE_crossencoder
334	Q0	5:57-58	10	11.555944	SimCSE_crossencoder
338	Q0	70:8-18	1	11.5963955	SimCSE_crossencoder
338	Q0	46:19-20	2	11.592495	SimCSE_crossencoder
338	Q0	26:1-9	3	11.592173	SimCSE_crossencoder
338	Q0	21:42-44	4	11.588991	SimCSE_crossencoder
338	Q0	20:95-98	5	11.5879345	SimCSE_crossencoder
338	Q0	37:149-157	6	11.587768	SimCSE_crossencoder
338	Q0	7:52-53	7	11.583927	SimCSE_crossencoder
338	Q0	23:1-11	8	11.58333	SimCSE_crossencoder
338	Q0	70:22-35	9	11.581978	SimCSE_crossencoder
338	Q0	17:31-35	10	11.581406	SimCSE_crossencoder
339	Q0	10:45-53	1	11.578463	SimCSE_crossencoder
339	Q0	26:192-212	2	11.578285	SimCSE_crossencoder
339	Q0	21:1-10	3	11.57555	SimCSE_crossencoder
339	Q0	21:36-41	4	11.564504	SimCSE_crossencoder
339	Q0	54:1-8	5	11.5619545	SimCSE_crossencoder
339	Q0	77:1-15	6	11.539725	SimCSE_crossencoder
339	Q0	7:52-53	7	11.507832	SimCSE_crossencoder
339	Q0	11:109-111	8	11.487305	SimCSE_crossencoder
339	Q0	37:149-157	9	11.464975	SimCSE_crossencoder
339	Q0	5:70-71	10	11.463392	SimCSE_crossencoder
341	Q0	90:11-20	1	11.612707	SimCSE_crossencoder
341	Q0	69:19-24	2	11.600841	SimCSE_crossencoder
341	Q0	46:19-20	3	11.6003895	SimCSE_crossencoder
341	Q0	92:12-21	4	11.599646	SimCSE_crossencoder
341	Q0	51:7-14	5	11.599394	SimCSE_crossencoder
341	Q0	70:8-18	6	11.599084	SimCSE_crossencoder
341	Q0	7:52-53	7	11.598987	SimCSE_crossencoder
341	Q0	21:42-44	8	11.596111	SimCSE_crossencoder
341	Q0	5:70-71	9	11.595786	SimCSE_crossencoder
341	Q0	7:144-145	10	11.595654	SimCSE_crossencoder
343	Q0	57:12-15	1	11.589201	SimCSE_crossencoder
343	Q0	2:146-150	2	11.588249	SimCSE_crossencoder
343	Q0	36:33-47	3	11.563518	SimCSE_crossencoder
343	Q0	2:17-20	4	11.560734	SimCSE_crossencoder
343	Q0	72:8-13	5	11.544277	SimCSE_crossencoder
343	Q0	37:1-10	6	11.540921	SimCSE_crossencoder
343	Q0	4:114-115	7	11.50101	SimCSE_crossencoder
343	Q0	51:15-23	8	11.486188	SimCSE_crossencoder
343	Q0	70:8-18	9	11.485887	SimCSE_crossencoder
343	Q0	21:42-44	10	11.481689	SimCSE_crossencoder
344	Q0	16:90-93	1	11.5856285	SimCSE_crossencoder
344	Q0	6:151-153	2	11.577389	SimCSE_crossencoder
344	Q0	70:8-18	3	11.575798	SimCSE_crossencoder
344	Q0	6:141-142	4	11.569439	SimCSE_crossencoder
344	Q0	70:22-35	5	11.566696	SimCSE_crossencoder
344	Q0	2:177-177	6	11.566376	SimCSE_crossencoder
344	Q0	69:25-37	7	11.56609	SimCSE_crossencoder
344	Q0	98:1-5	8	11.564003	SimCSE_crossencoder
344	Q0	23:17-22	9	11.559981	SimCSE_crossencoder
344	Q0	23:1-11	10	11.551833	SimCSE_crossencoder
345	Q0	26:1-9	1	11.589062	SimCSE_crossencoder
345	Q0	21:36-41	2	11.587649	SimCSE_crossencoder
345	Q0	70:8-18	3	11.587084	SimCSE_crossencoder
345	Q0	17:31-35	4	11.586626	SimCSE_crossencoder
345	Q0	51:15-23	5	11.58416	SimCSE_crossencoder
345	Q0	21:1-10	6	11.5826025	SimCSE_crossencoder
345	Q0	69:25-37	7	11.578632	SimCSE_crossencoder
345	Q0	77:1-15	8	11.576275	SimCSE_crossencoder
345	Q0	70:22-35	9	11.5749655	SimCSE_crossencoder
345	Q0	21:42-44	10	11.569786	SimCSE_crossencoder
347	Q0	69:25-37	1	11.606078	SimCSE_crossencoder
347	Q0	53:1-18	2	11.604224	SimCSE_crossencoder
347	Q0	50:1-11	3	11.603327	SimCSE_crossencoder
347	Q0	17:31-35	4	11.601123	SimCSE_crossencoder
347	Q0	70:8-18	5	11.600648	SimCSE_crossencoder
347	Q0	19:73-76	6	11.59871	SimCSE_crossencoder
347	Q0	27:67-75	7	11.596484	SimCSE_crossencoder
347	Q0	51:15-23	8	11.596285	SimCSE_crossencoder
347	Q0	3:23-25	9	11.593655	SimCSE_crossencoder
347	Q0	90:11-20	10	11.59289	SimCSE_crossencoder
348	Q0	9:28-29	1	11.606098	SimCSE_crossencoder
348	Q0	3:26-27	2	11.606056	SimCSE_crossencoder
348	Q0	24:1-3	3	11.603806	SimCSE_crossencoder
348	Q0	12:7-10	4	11.601589	SimCSE_crossencoder
348	Q0	55:17-25	5	11.601509	SimCSE_crossencoder
348	Q0	10:107-109	6	11.5998955	SimCSE_crossencoder
348	Q0	4:43-43	7	11.598858	SimCSE_crossencoder
348	Q0	55:37-45	8	11.597174	SimCSE_crossencoder
348	Q0	4:176-176	9	11.596407	SimCSE_crossencoder
348	Q0	17:66-70	10	11.595823	SimCSE_crossencoder
349	Q0	27:76-78	1	11.584495	SimCSE_crossencoder
349	Q0	7:141-141	2	11.577993	SimCSE_crossencoder
349	Q0	6:159-160	3	11.574784	SimCSE_crossencoder
349	Q0	3:21-22	4	11.565637	SimCSE_crossencoder
349	Q0	58:5-6	5	11.560262	SimCSE_crossencoder
349	Q0	24:4-5	6	11.556883	SimCSE_crossencoder
349	Q0	33:60-62	7	11.556862	SimCSE_crossencoder
349	Q0	3:164-165	8	11.552437	SimCSE_crossencoder
349	Q0	4:127-127	9	11.552355	SimCSE_crossencoder
349	Q0	3:161-163	10	11.55056	SimCSE_crossencoder
350	Q0	38:1-11	1	11.593613	SimCSE_crossencoder
350	Q0	26:123-140	2	11.590389	SimCSE_crossencoder
350	Q0	10:45-53	3	11.58144	SimCSE_crossencoder
350	Q0	21:36-41	4	11.576307	SimCSE_crossencoder
350	Q0	26:1-9	5	11.549537	SimCSE_crossencoder
350	Q0	70:22-35	6	11.546808	SimCSE_crossencoder
350	Q0	77:1-15	7	11.542459	SimCSE_crossencoder
350	Q0	70:8-18	8	11.518635	SimCSE_crossencoder
350	Q0	21:42-44	9	11.513274	SimCSE_crossencoder
350	Q0	11:38-40	10	11.499769	SimCSE_crossencoder
351	Q0	2:178-179	1	11.582565	SimCSE_crossencoder
351	Q0	45:7-11	2	11.579672	SimCSE_crossencoder
351	Q0	24:6-10	3	11.576551	SimCSE_crossencoder
351	Q0	4:58-59	4	11.575186	SimCSE_crossencoder
351	Q0	30:38-41	5	11.573494	SimCSE_crossencoder
351	Q0	2:275-276	6	11.573069	SimCSE_crossencoder
351	Q0	24:23-26	7	11.572737	SimCSE_crossencoder
351	Q0	5:48-50	8	11.571756	SimCSE_crossencoder
351	Q0	7:146-147	9	11.570194	SimCSE_crossencoder
351	Q0	4:150-152	10	11.569775	SimCSE_crossencoder
354	Q0	2:146-150	1	11.574109	SimCSE_crossencoder
354	Q0	5:78-81	2	11.569994	SimCSE_crossencoder
354	Q0	17:71-77	3	11.567371	SimCSE_crossencoder
354	Q0	17:31-35	4	11.561166	SimCSE_crossencoder
354	Q0	98:1-5	5	11.556626	SimCSE_crossencoder
354	Q0	10:45-53	6	11.555956	SimCSE_crossencoder
354	Q0	37:50-61	7	11.550107	SimCSE_crossencoder
354	Q0	46:19-20	8	11.538217	SimCSE_crossencoder
354	Q0	43:1-8	9	11.536247	SimCSE_crossencoder
354	Q0	5:70-71	10	11.522255	SimCSE_crossencoder
356	Q0	41:40-44	1	11.603438	SimCSE_crossencoder
356	Q0	56:11-26	2	11.587622	SimCSE_crossencoder
356	Q0	26:192-212	3	11.587308	SimCSE_crossencoder
356	Q0	21:36-41	4	11.587026	SimCSE_crossencoder
356	Q0	70:22-35	5	11.571388	SimCSE_crossencoder
356	Q0	26:1-9	6	11.5673	SimCSE_crossencoder
356	Q0	70:8-18	7	11.553284	SimCSE_crossencoder
356	Q0	51:15-23	8	11.547924	SimCSE_crossencoder
356	Q0	7:52-53	9	11.537432	SimCSE_crossencoder
356	Q0	21:42-44	10	11.506361	SimCSE_crossencoder
357	Q0	48:27-29	1	11.596346	SimCSE_crossencoder
357	Q0	24:35-38	2	11.590467	SimCSE_crossencoder
357	Q0	2:216-218	3	11.588684	SimCSE_crossencoder
357	Q0	5:1-2	4	11.584822	SimCSE_crossencoder
357	Q0	2:190-194	5	11.583633	SimCSE_crossencoder
357	Q0	4:74-76	6	11.5823	SimCSE_crossencoder
357	Q0	73:20-20	7	11.581956	SimCSE_crossencoder
357	Q0	22:38-41	8	11.5817795	SimCSE_crossencoder
357	Q0	47:1-6	9	11.580405	SimCSE_crossencoder
357	Q0	5:6-6	10	11.579945	SimCSE_crossencoder
358	Q0	67:1-5	1	11.589237	SimCSE_crossencoder
358	Q0	2:216-218	2	11.5837	SimCSE_crossencoder
358	Q0	17:78-82	3	11.583597	SimCSE_crossencoder
358	Q0	17:12-17	4	11.582684	SimCSE_crossencoder
358	Q0	2:135-138	5	11.5817795	SimCSE_crossencoder
358	Q0	18:99-106	6	11.579325	SimCSE_crossencoder
358	Q0	4:80-84	7	11.579316	SimCSE_crossencoder
358	Q0	2:165-167	8	11.578312	SimCSE_crossencoder
358	Q0	47:1-6	9	11.578168	SimCSE_crossencoder
358	Q0	10:3-6	10	11.577431	SimCSE_crossencoder
361	Q0	98:1-5	1	11.598293	SimCSE_crossencoder
361	Q0	33:56-58	2	11.595384	SimCSE_crossencoder
361	Q0	28:44-46	3	11.593784	SimCSE_crossencoder
361	Q0	6:91-92	4	11.5904665	SimCSE_crossencoder
361	Q0	7:52-53	5	11.589001	SimCSE_crossencoder
361	Q0	33:42-48	6	11.5888605	SimCSE_crossencoder
361	Q0	5:103-105	7	11.588159	SimCSE_crossencoder
361	Q0	64:11-13	8	11.587582	SimCSE_crossencoder
361	Q0	2:87-88	9	11.587206	SimCSE_crossencoder
361	Q0	26:192-212	10	11.587114	SimCSE_crossencoder
362	Q0	70:8-18	1	11.598898	SimCSE_crossencoder
362	Q0	5:70-71	2	11.582124	SimCSE_crossencoder
362	Q0	46:19-20	3	11.580635	SimCSE_crossencoder
362	Q0	43:1-8	4	11.580616	SimCSE_crossencoder
362	Q0	2:63-66	5	11.575884	SimCSE_crossencoder
362	Q0	21:36-41	6	11.574804	SimCSE_crossencoder
362	Q0	77:1-15	7	11.566429	SimCSE_crossencoder
362	Q0	92:12-21	8	11.564604	SimCSE_crossencoder
362	Q0	51:7-14	9	11.564577	SimCSE_crossencoder
362	Q0	54:18-22	10	11.548092	SimCSE_crossencoder
363	Q0	90:11-20	1	11.608996	SimCSE_crossencoder
363	Q0	98:1-5	2	11.602973	SimCSE_crossencoder
363	Q0	2:178-179	3	11.602885	SimCSE_crossencoder
363	Q0	2:99-101	4	11.60159	SimCSE_crossencoder
363	Q0	5:89-89	5	11.596239	SimCSE_crossencoder
363	Q0	46:19-20	6	11.595558	SimCSE_crossencoder
363	Q0	37:149-157	7	11.594492	SimCSE_crossencoder
363	Q0	3:92-94	8	11.593665	SimCSE_crossencoder
363	Q0	64:11-13	9	11.593489	SimCSE_crossencoder
363	Q0	5:4-5	10	11.591806	SimCSE_crossencoder
364	Q0	22:3-4	1	11.604707	SimCSE_crossencoder
364	Q0	61:5-5	2	11.602608	SimCSE_crossencoder
364	Q0	4:167-169	3	11.601011	SimCSE_crossencoder
364	Q0	18:23-24	4	11.5986185	SimCSE_crossencoder
364	Q0	4:29-30	5	11.596563	SimCSE_crossencoder
364	Q0	9:32-33	6	11.594455	SimCSE_crossencoder
364	Q0	40:1-4	7	11.593718	SimCSE_crossencoder
364	Q0	4:113-113	8	11.593664	SimCSE_crossencoder
364	Q0	39:41-41	9	11.593354	SimCSE_crossencoder
364	Q0	4:116-116	10	11.591786	SimCSE_crossencoder
365	Q0	70:8-18	1	11.609461	SimCSE_crossencoder
365	Q0	28:44-46	2	11.60512	SimCSE_crossencoder
365	Q0	3:23-25	3	11.604555	SimCSE_crossencoder
365	Q0	3:78-80	4	11.600895	SimCSE_crossencoder
365	Q0	5:70-71	5	11.599259	SimCSE_crossencoder
365	Q0	10:94-97	6	11.595684	SimCSE_crossencoder
365	Q0	25:30-34	7	11.595397	SimCSE_crossencoder
365	Q0	6:91-92	8	11.594585	SimCSE_crossencoder
365	Q0	3:181-184	9	11.594215	SimCSE_crossencoder
365	Q0	43:1-8	10	11.593805	SimCSE_crossencoder
367	Q0	11:103-108	1	11.281336	SimCSE_crossencoder
367	Q0	43:81-89	2	11.134338	SimCSE_crossencoder
367	Q0	17:18-21	3	11.13069	SimCSE_crossencoder
367	Q0	39:68-70	4	11.107458	SimCSE_crossencoder
367	Q0	10:18-20	5	11.101422	SimCSE_crossencoder
367	Q0	22:73-76	6	11.041927	SimCSE_crossencoder
367	Q0	70:1-7	7	10.9853	SimCSE_crossencoder
367	Q0	55:33-36	8	10.970877	SimCSE_crossencoder
367	Q0	6:51-52	9	10.965657	SimCSE_crossencoder
367	Q0	18:47-49	10	10.947944	SimCSE_crossencoder
368	Q0	70:8-18	1	11.592811	SimCSE_crossencoder
368	Q0	2:178-179	2	11.589636	SimCSE_crossencoder
368	Q0	24:1-3	3	11.589457	SimCSE_crossencoder
368	Q0	7:52-53	4	11.58415	SimCSE_crossencoder
368	Q0	21:42-44	5	11.581258	SimCSE_crossencoder
368	Q0	6:151-153	6	11.578769	SimCSE_crossencoder
368	Q0	70:22-35	7	11.577812	SimCSE_crossencoder
368	Q0	17:31-35	8	11.575823	SimCSE_crossencoder
368	Q0	4:15-16	9	11.575408	SimCSE_crossencoder
368	Q0	46:19-20	10	11.574732	SimCSE_crossencoder
369	Q0	5:110-111	1	11.577219	SimCSE_crossencoder
369	Q0	3:1-7	2	11.575379	SimCSE_crossencoder
369	Q0	3:181-184	3	11.573127	SimCSE_crossencoder
369	Q0	44:9-16	4	11.569081	SimCSE_crossencoder
369	Q0	5:67-69	5	11.568129	SimCSE_crossencoder
369	Q0	23:45-50	6	11.567612	SimCSE_crossencoder
369	Q0	54:1-8	7	11.566338	SimCSE_crossencoder
369	Q0	4:171-172	8	11.566092	SimCSE_crossencoder
369	Q0	25:3-6	9	11.565148	SimCSE_crossencoder
369	Q0	5:72-73	10	11.564678	SimCSE_crossencoder
370	Q0	10:45-53	1	11.562617	SimCSE_crossencoder
370	Q0	43:81-89	2	11.521762	SimCSE_crossencoder
370	Q0	4:163-166	3	11.520538	SimCSE_crossencoder
370	Q0	6:19-21	4	11.510201	SimCSE_crossencoder
370	Q0	22:73-76	5	11.508357	SimCSE_crossencoder
370	Q0	25:3-6	6	11.501004	SimCSE_crossencoder
370	Q0	42:16-19	7	11.474705	SimCSE_crossencoder
370	Q0	10:18-20	8	11.44411	SimCSE_crossencoder
370	Q0	7:52-53	9	11.424496	SimCSE_crossencoder
370	Q0	70:1-7	10	11.411434	SimCSE_crossencoder
371	Q0	28:44-46	1	11.611394	SimCSE_crossencoder
371	Q0	98:1-5	2	11.610746	SimCSE_crossencoder
371	Q0	70:8-18	3	11.607052	SimCSE_crossencoder
371	Q0	23:45-50	4	11.606864	SimCSE_crossencoder
371	Q0	3:181-184	5	11.605883	SimCSE_crossencoder
371	Q0	35:19-26	6	11.602024	SimCSE_crossencoder
371	Q0	12:58-62	7	11.601252	SimCSE_crossencoder
371	Q0	20:95-98	8	11.5967045	SimCSE_crossencoder
371	Q0	37:149-157	9	11.596443	SimCSE_crossencoder
371	Q0	33:42-48	10	11.596334	SimCSE_crossencoder
372	Q0	23:45-50	1	11.603976	SimCSE_crossencoder
372	Q0	28:44-46	2	11.603725	SimCSE_crossencoder
372	Q0	43:1-8	3	11.598352	SimCSE_crossencoder
372	Q0	7:52-53	4	11.597094	SimCSE_crossencoder
372	Q0	39:68-70	5	11.596692	SimCSE_crossencoder
372	Q0	21:42-44	6	11.596691	SimCSE_crossencoder
372	Q0	37:149-157	7	11.594934	SimCSE_crossencoder
372	Q0	20:95-98	8	11.590755	SimCSE_crossencoder
372	Q0	28:33-35	9	11.590584	SimCSE_crossencoder
372	Q0	6:91-92	10	11.59049	SimCSE_crossencoder
373	Q0	45:16-20	1	11.620396	SimCSE_crossencoder
373	Q0	70:22-35	2	11.62001	SimCSE_crossencoder
373	Q0	3:78-80	3	11.6161	SimCSE_crossencoder
373	Q0	23:45-50	4	11.612762	SimCSE_crossencoder
373	Q0	18:47-49	5	11.611537	SimCSE_crossencoder
373	Q0	98:1-5	6	11.606215	SimCSE_crossencoder
373	Q0	20:86-94	7	11.600607	SimCSE_crossencoder
373	Q0	2:282-283	8	11.590464	SimCSE_crossencoder
373	Q0	28:44-46	9	11.589893	SimCSE_crossencoder
373	Q0	2:87-88	10	11.5863495	SimCSE_crossencoder
374	Q0	109:1-6	1	11.609135	SimCSE_crossencoder
374	Q0	2:158-158	2	11.607272	SimCSE_crossencoder
374	Q0	110:1-3	3	11.605068	SimCSE_crossencoder
374	Q0	2:111-112	4	11.604693	SimCSE_crossencoder
374	Q0	43:26-28	5	11.604089	SimCSE_crossencoder
374	Q0	3:31-32	6	11.601389	SimCSE_crossencoder
374	Q0	2:76-77	7	11.598433	SimCSE_crossencoder
374	Q0	3:52-53	8	11.596474	SimCSE_crossencoder
374	Q0	106:1-4	9	11.596027	SimCSE_crossencoder
374	Q0	2:170-171	10	11.595776	SimCSE_crossencoder
375	Q0	12:1-3	1	11.608549	SimCSE_crossencoder
375	Q0	51:7-14	2	11.60792	SimCSE_crossencoder
375	Q0	23:42-44	3	11.606663	SimCSE_crossencoder
375	Q0	5:101-102	4	11.605135	SimCSE_crossencoder
375	Q0	9:86-87	5	11.60506	SimCSE_crossencoder
375	Q0	2:113-113	6	11.603696	SimCSE_crossencoder
375	Q0	76:27-28	7	11.602528	SimCSE_crossencoder
375	Q0	15:10-15	8	11.6008215	SimCSE_crossencoder
375	Q0	8:50-51	9	11.600555	SimCSE_crossencoder
375	Q0	43:1-8	10	11.599852	SimCSE_crossencoder
376	Q0	90:5-10	1	11.603622	SimCSE_crossencoder
376	Q0	109:1-6	2	11.602194	SimCSE_crossencoder
376	Q0	24:4-5	3	11.6018305	SimCSE_crossencoder
376	Q0	55:26-32	4	11.599962	SimCSE_crossencoder
376	Q0	40:5-6	5	11.598135	SimCSE_crossencoder
376	Q0	56:75-80	6	11.597226	SimCSE_crossencoder
376	Q0	55:17-25	7	11.595608	SimCSE_crossencoder
376	Q0	68:34-41	8	11.594975	SimCSE_crossencoder
376	Q0	4:176-176	9	11.594749	SimCSE_crossencoder
376	Q0	37:149-157	10	11.593166	SimCSE_crossencoder
378	Q0	68:34-41	1	11.609627	SimCSE_crossencoder
378	Q0	74:38-48	2	11.60277	SimCSE_crossencoder
378	Q0	68:5-16	3	11.600878	SimCSE_crossencoder
378	Q0	56:81-87	4	11.600477	SimCSE_crossencoder
378	Q0	80:33-42	5	11.5967655	SimCSE_crossencoder
378	Q0	4:43-43	6	11.5961485	SimCSE_crossencoder
378	Q0	2:240-242	7	11.594507	SimCSE_crossencoder
378	Q0	7:52-53	8	11.592336	SimCSE_crossencoder
378	Q0	18:47-49	9	11.589369	SimCSE_crossencoder
378	Q0	21:42-44	10	11.587886	SimCSE_crossencoder
379	Q0	22:16-18	1	11.591256	SimCSE_crossencoder
379	Q0	17:97-100	2	11.590338	SimCSE_crossencoder
379	Q0	6:128-131	3	11.588122	SimCSE_crossencoder
379	Q0	8:52-54	4	11.58294	SimCSE_crossencoder
379	Q0	22:73-76	5	11.582857	SimCSE_crossencoder
379	Q0	35:15-18	6	11.579323	SimCSE_crossencoder
379	Q0	29:19-23	7	11.5780115	SimCSE_crossencoder
379	Q0	85:1-9	8	11.576416	SimCSE_crossencoder
379	Q0	46:33-35	9	11.576275	SimCSE_crossencoder
379	Q0	83:7-17	10	11.573765	SimCSE_crossencoder
380	Q0	23:31-41	1	11.578555	SimCSE_crossencoder
380	Q0	17:31-35	2	11.563486	SimCSE_crossencoder
380	Q0	70:22-35	3	11.557657	SimCSE_crossencoder
380	Q0	21:36-41	4	11.555941	SimCSE_crossencoder
380	Q0	30:55-60	5	11.5527315	SimCSE_crossencoder
380	Q0	24:1-3	6	11.541899	SimCSE_crossencoder
380	Q0	70:8-18	7	11.539791	SimCSE_crossencoder
380	Q0	21:42-44	8	11.516081	SimCSE_crossencoder
380	Q0	23:1-11	9	11.502545	SimCSE_crossencoder
380	Q0	5:57-58	10	11.477953	SimCSE_crossencoder
381	Q0	31:1-5	1	11.612345	SimCSE_crossencoder
381	Q0	21:48-50	2	11.610749	SimCSE_crossencoder
381	Q0	4:144-145	3	11.610292	SimCSE_crossencoder
381	Q0	33:41-44	4	11.606553	SimCSE_crossencoder
381	Q0	92:12-21	5	11.6029415	SimCSE_crossencoder
381	Q0	2:120-121	6	11.601799	SimCSE_crossencoder
381	Q0	91:1-10	7	11.600165	SimCSE_crossencoder
381	Q0	111:1-5	8	11.596309	SimCSE_crossencoder
381	Q0	72:14-17	9	11.59584	SimCSE_crossencoder
381	Q0	101:1-5	10	11.595631	SimCSE_crossencoder
382	Q0	46:19-20	1	11.591902	SimCSE_crossencoder
382	Q0	4:88-89	2	11.591861	SimCSE_crossencoder
382	Q0	5:78-81	3	11.591324	SimCSE_crossencoder
382	Q0	4:43-43	4	11.590585	SimCSE_crossencoder
382	Q0	60:8-9	5	11.584614	SimCSE_crossencoder
382	Q0	2:120-121	6	11.584248	SimCSE_crossencoder
382	Q0	33:56-58	7	11.583658	SimCSE_crossencoder
382	Q0	21:42-44	8	11.583631	SimCSE_crossencoder
382	Q0	47:30-32	9	11.582354	SimCSE_crossencoder
382	Q0	3:166-168	10	11.578977	SimCSE_crossencoder
385	Q0	54:51-55	1	11.607587	SimCSE_crossencoder
385	Q0	56:57-62	2	11.607451	SimCSE_crossencoder
385	Q0	95:1-6	3	11.605987	SimCSE_crossencoder
385	Q0	11:116-117	4	11.605886	SimCSE_crossencoder
385	Q0	41:45-46	5	11.60531	SimCSE_crossencoder
385	Q0	2:25-25	6	11.604886	SimCSE_crossencoder
385	Q0	21:48-50	7	11.604693	SimCSE_crossencoder
385	Q0	86:5-10	8	11.602737	SimCSE_crossencoder
385	Q0	23:42-44	9	11.601883	SimCSE_crossencoder
385	Q0	51:7-14	10	11.600993	SimCSE_crossencoder
387	Q0	7:1-3	1	11.605865	SimCSE_crossencoder
387	Q0	9:86-87	2	11.604433	SimCSE_crossencoder
387	Q0	51:7-14	3	11.601917	SimCSE_crossencoder
387	Q0	21:21-24	4	11.601868	SimCSE_crossencoder
387	Q0	5:101-102	5	11.601423	SimCSE_crossencoder
387	Q0	2:99-101	6	11.601309	SimCSE_crossencoder
387	Q0	4:113-113	7	11.598402	SimCSE_crossencoder
387	Q0	7:4-7	8	11.597903	SimCSE_crossencoder
387	Q0	5:57-58	9	11.597751	SimCSE_crossencoder
387	Q0	33:59-59	10	11.59761	SimCSE_crossencoder
388	Q0	85:17-22	1	11.611087	SimCSE_crossencoder
388	Q0	9:41-41	2	11.610025	SimCSE_crossencoder
388	Q0	77:41-44	3	11.609553	SimCSE_crossencoder
388	Q0	6:159-160	4	11.609066	SimCSE_crossencoder
388	Q0	27:76-78	5	11.608196	SimCSE_crossencoder
388	Q0	76:27-28	6	11.608168	SimCSE_crossencoder
388	Q0	20:99-101	7	11.605028	SimCSE_crossencoder
388	Q0	23:42-44	8	11.603256	SimCSE_crossencoder
388	Q0	8:50-51	9	11.603199	SimCSE_crossencoder
388	Q0	51:7-14	10	11.601645	SimCSE_crossencoder
389	Q0	16:19-23	1	11.603898	SimCSE_crossencoder
389	Q0	40:13-20	2	11.603159	SimCSE_crossencoder
389	Q0	35:15-18	3	11.5991125	SimCSE_crossencoder
389	Q0	3:1-7	4	11.598807	SimCSE_crossencoder
389	Q0	22:73-76	5	11.598492	SimCSE_crossencoder
389	Q0	11:1-5	6	11.598338	SimCSE_crossencoder
389	Q0	31:33-34	7	11.597528	SimCSE_crossencoder
389	Q0	32:4-9	8	11.597189	SimCSE_crossencoder
389	Q0	42:7-12	9	11.596537	SimCSE_crossencoder
389	Q0	22:5-7	10	11.596077	SimCSE_crossencoder
391	Q0	54:51-55	1	11.605579	SimCSE_crossencoder
391	Q0	11:116-117	2	11.604958	SimCSE_crossencoder
391	Q0	95:1-6	3	11.604952	SimCSE_crossencoder
391	Q0	19:96-98	4	11.603931	SimCSE_crossencoder
391	Q0	27:76-78	5	11.601856	SimCSE_crossencoder
391	Q0	88:1-7	6	11.601467	SimCSE_crossencoder
391	Q0	23:42-44	7	11.601245	SimCSE_crossencoder
391	Q0	51:7-14	8	11.601243	SimCSE_crossencoder
391	Q0	7:8-10	9	11.601173	SimCSE_crossencoder
391	Q0	92:12-21	10	11.597116	SimCSE_crossencoder
392	Q0	12:1-3	1	11.606397	SimCSE_crossencoder
392	Q0	76:27-28	2	11.60269	SimCSE_crossencoder
392	Q0	23:42-44	3	11.59954	SimCSE_crossencoder
392	Q0	4:41-42	4	11.599341	SimCSE_crossencoder
392	Q0	8:50-51	5	11.599171	SimCSE_crossencoder
392	Q0	20:99-101	6	11.598922	SimCSE_crossencoder
392	Q0	51:1-6	7	11.597012	SimCSE_crossencoder
392	Q0	9:86-87	8	11.596793	SimCSE_crossencoder
392	Q0	51:7-14	9	11.596771	SimCSE_crossencoder
392	Q0	36:69-70	10	11.595673	SimCSE_crossencoder
393	Q0	12:1-3	1	11.604782	SimCSE_crossencoder
393	Q0	76:27-28	2	11.602046	SimCSE_crossencoder
393	Q0	2:188-188	3	11.601017	SimCSE_crossencoder
393	Q0	2:256-256	4	11.59787	SimCSE_crossencoder
393	Q0	4:41-42	5	11.5974045	SimCSE_crossencoder
393	Q0	2:113-113	6	11.595192	SimCSE_crossencoder
393	Q0	11:116-117	7	11.595122	SimCSE_crossencoder
393	Q0	23:42-44	8	11.593415	SimCSE_crossencoder
393	Q0	5:101-102	9	11.591728	SimCSE_crossencoder
393	Q0	3:21-22	10	11.591715	SimCSE_crossencoder
394	Q0	54:51-55	1	11.6063175	SimCSE_crossencoder
394	Q0	11:116-117	2	11.6041975	SimCSE_crossencoder
394	Q0	2:113-113	3	11.601482	SimCSE_crossencoder
394	Q0	51:7-14	4	11.600346	SimCSE_crossencoder
394	Q0	23:42-44	5	11.599951	SimCSE_crossencoder
394	Q0	16:33-34	6	11.599745	SimCSE_crossencoder
394	Q0	7:8-10	7	11.598552	SimCSE_crossencoder
394	Q0	76:27-28	8	11.598286	SimCSE_crossencoder
394	Q0	4:41-42	9	11.597397	SimCSE_crossencoder
394	Q0	8:50-51	10	11.595082	SimCSE_crossencoder
395	Q0	22:16-18	1	11.580555	SimCSE_crossencoder
395	Q0	37:1-10	2	11.578442	SimCSE_crossencoder
395	Q0	2:187-187	3	11.573566	SimCSE_crossencoder
395	Q0	5:96-100	4	11.5722275	SimCSE_crossencoder
395	Q0	2:233-233	5	11.571878	SimCSE_crossencoder
395	Q0	5:1-2	6	11.568702	SimCSE_crossencoder
395	Q0	42:51-53	7	11.566188	SimCSE_crossencoder
395	Q0	16:114-119	8	11.563196	SimCSE_crossencoder
395	Q0	78:6-16	9	11.558686	SimCSE_crossencoder
395	Q0	21:16-20	10	11.55237	SimCSE_crossencoder
396	Q0	4:26-28	1	11.613688	SimCSE_crossencoder
396	Q0	78:6-16	2	11.607103	SimCSE_crossencoder
396	Q0	24:1-3	3	11.602682	SimCSE_crossencoder
396	Q0	4:64-65	4	11.601109	SimCSE_crossencoder
396	Q0	2:187-187	5	11.596614	SimCSE_crossencoder
396	Q0	4:90-91	6	11.593509	SimCSE_crossencoder
396	Q0	42:51-53	7	11.592594	SimCSE_crossencoder
396	Q0	2:246-246	8	11.591978	SimCSE_crossencoder
396	Q0	2:233-233	9	11.587969	SimCSE_crossencoder
396	Q0	5:94-95	10	11.587233	SimCSE_crossencoder
398	Q0	70:8-18	1	11.596627	SimCSE_crossencoder
398	Q0	51:15-23	2	11.594796	SimCSE_crossencoder
398	Q0	5:70-71	3	11.592088	SimCSE_crossencoder
398	Q0	7:52-53	4	11.592021	SimCSE_crossencoder
398	Q0	77:1-15	5	11.591576	SimCSE_crossencoder
398	Q0	15:45-50	6	11.591519	SimCSE_crossencoder
398	Q0	21:36-41	7	11.591105	SimCSE_crossencoder
398	Q0	26:1-9	8	11.590573	SimCSE_crossencoder
398	Q0	46:19-20	9	11.590003	SimCSE_crossencoder
398	Q0	69:25-37	10	11.589387	SimCSE_crossencoder
399	Q0	3:181-184	1	11.593714	SimCSE_crossencoder
399	Q0	45:16-20	2	11.584703	SimCSE_crossencoder
399	Q0	17:31-35	3	11.579229	SimCSE_crossencoder
399	Q0	70:8-18	4	11.578293	SimCSE_crossencoder
399	Q0	20:86-94	5	11.573339	SimCSE_crossencoder
399	Q0	69:25-37	6	11.570831	SimCSE_crossencoder
399	Q0	37:50-61	7	11.554722	SimCSE_crossencoder
399	Q0	28:44-46	8	11.547586	SimCSE_crossencoder
399	Q0	21:42-44	9	11.544625	SimCSE_crossencoder
399	Q0	7:148-149	10	11.513472	SimCSE_crossencoder
400	Q0	16:114-119	1	11.59536	SimCSE_crossencoder
400	Q0	70:8-18	2	11.593523	SimCSE_crossencoder
400	Q0	5:106-108	3	11.591519	SimCSE_crossencoder
400	Q0	5:94-95	4	11.588097	SimCSE_crossencoder
400	Q0	6:151-153	5	11.587661	SimCSE_crossencoder
400	Q0	5:1-2	6	11.586727	SimCSE_crossencoder
400	Q0	70:22-35	7	11.586121	SimCSE_crossencoder
400	Q0	17:31-35	8	11.582304	SimCSE_crossencoder
400	Q0	69:25-37	9	11.579084	SimCSE_crossencoder
400	Q0	23:1-11	10	11.578779	SimCSE_crossencoder
401	Q0	54:33-42	1	11.573196	SimCSE_crossencoder
401	Q0	83:7-17	2	11.571669	SimCSE_crossencoder
401	Q0	20:128-132	3	11.568943	SimCSE_crossencoder
401	Q0	55:37-45	4	11.55946	SimCSE_crossencoder
401	Q0	69:38-52	5	11.554662	SimCSE_crossencoder
401	Q0	77:1-15	6	11.551634	SimCSE_crossencoder
401	Q0	17:83-87	7	11.530923	SimCSE_crossencoder
401	Q0	73:1-9	8	11.5239	SimCSE_crossencoder
401	Q0	70:1-7	9	11.516173	SimCSE_crossencoder
401	Q0	81:15-25	10	11.509415	SimCSE_crossencoder
402	Q0	5:78-81	1	11.60915	SimCSE_crossencoder
402	Q0	57:25-27	2	11.605954	SimCSE_crossencoder
402	Q0	3:181-184	3	11.601789	SimCSE_crossencoder
402	Q0	3:78-80	4	11.600129	SimCSE_crossencoder
402	Q0	4:163-166	5	11.600111	SimCSE_crossencoder
402	Q0	4:135-136	6	11.59127	SimCSE_crossencoder
402	Q0	5:67-69	7	11.589748	SimCSE_crossencoder
402	Q0	28:44-46	8	11.589139	SimCSE_crossencoder
402	Q0	10:94-97	9	11.585624	SimCSE_crossencoder
402	Q0	5:44-47	10	11.584206	SimCSE_crossencoder
404	Q0	4:171-172	1	11.587963	SimCSE_crossencoder
404	Q0	4:153-161	2	11.586541	SimCSE_crossencoder
404	Q0	37:50-61	3	11.557879	SimCSE_crossencoder
404	Q0	5:78-81	4	11.556503	SimCSE_crossencoder
404	Q0	2:87-88	5	11.525003	SimCSE_crossencoder
404	Q0	5:70-71	6	11.510651	SimCSE_crossencoder
404	Q0	3:84-85	7	11.509464	SimCSE_crossencoder
404	Q0	90:11-20	8	11.496993	SimCSE_crossencoder
404	Q0	51:7-14	9	11.4378605	SimCSE_crossencoder
404	Q0	33:7-8	10	11.415382	SimCSE_crossencoder
405	Q0	70:8-18	1	11.610817	SimCSE_crossencoder
405	Q0	3:23-25	2	11.6077175	SimCSE_crossencoder
405	Q0	10:94-97	3	11.604842	SimCSE_crossencoder
405	Q0	28:44-46	4	11.599831	SimCSE_crossencoder
405	Q0	46:19-20	5	11.599462	SimCSE_crossencoder
405	Q0	7:52-53	6	11.598667	SimCSE_crossencoder
405	Q0	28:33-35	7	11.598412	SimCSE_crossencoder
405	Q0	6:19-21	8	11.595231	SimCSE_crossencoder
405	Q0	37:149-157	9	11.594366	SimCSE_crossencoder
405	Q0	70:22-35	10	11.594229	SimCSE_crossencoder
407	Q0	57:25-27	1	11.599992	SimCSE_crossencoder
407	Q0	3:181-184	2	11.595562	SimCSE_crossencoder
407	Q0	4:163-166	3	11.592655	SimCSE_crossencoder
407	Q0	6:154-158	4	11.591183	SimCSE_crossencoder
407	Q0	3:78-80	5	11.590195	SimCSE_crossencoder
407	Q0	23:45-50	6	11.586069	SimCSE_crossencoder
407	Q0	3:1-7	7	11.585595	SimCSE_crossencoder
407	Q0	28:44-46	8	11.584621	SimCSE_crossencoder
407	Q0	5:67-69	9	11.584398	SimCSE_crossencoder
407	Q0	6:91-92	10	11.584384	SimCSE_crossencoder
408	Q0	45:16-20	1	11.584188	SimCSE_crossencoder
408	Q0	70:8-18	2	11.582994	SimCSE_crossencoder
408	Q0	5:78-81	3	11.578974	SimCSE_crossencoder
408	Q0	21:36-41	4	11.576556	SimCSE_crossencoder
408	Q0	4:135-136	5	11.5759735	SimCSE_crossencoder
408	Q0	98:1-5	6	11.574066	SimCSE_crossencoder
408	Q0	17:31-35	7	11.573125	SimCSE_crossencoder
408	Q0	69:25-37	8	11.567993	SimCSE_crossencoder
408	Q0	9:90-96	9	11.562683	SimCSE_crossencoder
408	Q0	20:86-94	10	11.562527	SimCSE_crossencoder
409	Q0	26:192-212	1	11.589783	SimCSE_crossencoder
409	Q0	10:45-53	2	11.576447	SimCSE_crossencoder
409	Q0	6:151-153	3	11.568277	SimCSE_crossencoder
409	Q0	27:67-75	4	11.56775	SimCSE_crossencoder
409	Q0	17:31-35	5	11.55909	SimCSE_crossencoder
409	Q0	70:22-35	6	11.549069	SimCSE_crossencoder
409	Q0	51:15-23	7	11.527864	SimCSE_crossencoder
409	Q0	70:8-18	8	11.52607	SimCSE_crossencoder
409	Q0	16:80-83	9	11.525691	SimCSE_crossencoder
409	Q0	77:1-15	10	11.521808	SimCSE_crossencoder
410	Q0	2:178-179	1	11.596649	SimCSE_crossencoder
410	Q0	98:1-5	2	11.596071	SimCSE_crossencoder
410	Q0	3:92-94	3	11.595059	SimCSE_crossencoder
410	Q0	9:34-35	4	11.592232	SimCSE_crossencoder
410	Q0	3:23-25	5	11.591495	SimCSE_crossencoder
410	Q0	43:1-8	6	11.589349	SimCSE_crossencoder
410	Q0	5:70-71	7	11.588771	SimCSE_crossencoder
410	Q0	7:52-53	8	11.587833	SimCSE_crossencoder
410	Q0	3:181-184	9	11.586138	SimCSE_crossencoder
410	Q0	9:60-61	10	11.586127	SimCSE_crossencoder
411	Q0	16:90-93	1	11.5989895	SimCSE_crossencoder
411	Q0	26:1-9	2	11.587785	SimCSE_crossencoder
411	Q0	5:78-81	3	11.584026	SimCSE_crossencoder
411	Q0	17:31-35	4	11.579277	SimCSE_crossencoder
411	Q0	77:1-15	5	11.576692	SimCSE_crossencoder
411	Q0	98:1-5	6	11.569059	SimCSE_crossencoder
411	Q0	69:25-37	7	11.56301	SimCSE_crossencoder
411	Q0	70:22-35	8	11.561785	SimCSE_crossencoder
411	Q0	20:95-98	9	11.560501	SimCSE_crossencoder
411	Q0	70:8-18	10	11.553928	SimCSE_crossencoder
412	Q0	56:81-87	1	11.611777	SimCSE_crossencoder
412	Q0	37:149-157	2	11.606628	SimCSE_crossencoder
412	Q0	2:99-101	3	11.605806	SimCSE_crossencoder
412	Q0	10:28-30	4	11.604915	SimCSE_crossencoder
412	Q0	2:178-179	5	11.602037	SimCSE_crossencoder
412	Q0	29:44-45	6	11.60181	SimCSE_crossencoder
412	Q0	51:7-14	7	11.601177	SimCSE_crossencoder
412	Q0	2:120-121	8	11.600697	SimCSE_crossencoder
412	Q0	78:38-40	9	11.600079	SimCSE_crossencoder
412	Q0	98:1-5	10	11.599771	SimCSE_crossencoder
413	Q0	6:112-113	1	11.5955105	SimCSE_crossencoder
413	Q0	46:19-20	2	11.592932	SimCSE_crossencoder
413	Q0	37:149-157	3	11.590855	SimCSE_crossencoder
413	Q0	3:23-25	4	11.589968	SimCSE_crossencoder
413	Q0	23:42-44	5	11.589382	SimCSE_crossencoder
413	Q0	51:7-14	6	11.589143	SimCSE_crossencoder
413	Q0	15:10-15	7	11.588506	SimCSE_crossencoder
413	Q0	21:92-95	8	11.588053	SimCSE_crossencoder
413	Q0	4:15-16	9	11.586683	SimCSE_crossencoder
413	Q0	70:8-18	10	11.5856285	SimCSE_crossencoder
414	Q0	3:23-25	1	11.596903	SimCSE_crossencoder
414	Q0	46:19-20	2	11.596417	SimCSE_crossencoder
414	Q0	64:11-13	3	11.595786	SimCSE_crossencoder
414	Q0	37:149-157	4	11.595297	SimCSE_crossencoder
414	Q0	70:8-18	5	11.591801	SimCSE_crossencoder
414	Q0	23:1-11	6	11.590416	SimCSE_crossencoder
414	Q0	15:10-15	7	11.588525	SimCSE_crossencoder
414	Q0	21:42-44	8	11.58852	SimCSE_crossencoder
414	Q0	98:1-5	9	11.587527	SimCSE_crossencoder
414	Q0	26:1-9	10	11.585054	SimCSE_crossencoder
415	Q0	3:75-77	1	11.603082	SimCSE_crossencoder
415	Q0	3:181-184	2	11.599122	SimCSE_crossencoder
415	Q0	5:78-81	3	11.596479	SimCSE_crossencoder
415	Q0	58:1-4	4	11.593475	SimCSE_crossencoder
415	Q0	68:5-16	5	11.590767	SimCSE_crossencoder
415	Q0	5:41-43	6	11.590286	SimCSE_crossencoder
415	Q0	33:21-24	7	11.585919	SimCSE_crossencoder
415	Q0	16:114-119	8	11.585709	SimCSE_crossencoder
415	Q0	17:31-35	9	11.584457	SimCSE_crossencoder
415	Q0	81:15-25	10	11.576496	SimCSE_crossencoder
416	Q0	3:75-77	1	11.619064	SimCSE_crossencoder
416	Q0	58:1-4	2	11.618387	SimCSE_crossencoder
416	Q0	2:165-167	3	11.616089	SimCSE_crossencoder
416	Q0	2:183-186	4	11.615771	SimCSE_crossencoder
416	Q0	14:1-4	5	11.614746	SimCSE_crossencoder
416	Q0	48:16-17	6	11.614681	SimCSE_crossencoder
416	Q0	4:135-136	7	11.614244	SimCSE_crossencoder
416	Q0	3:69-74	8	11.612111	SimCSE_crossencoder
416	Q0	33:4-6	9	11.610284	SimCSE_crossencoder
416	Q0	4:92-93	10	11.610159	SimCSE_crossencoder
417	Q0	90:11-20	1	11.609266	SimCSE_crossencoder
417	Q0	3:23-25	2	11.605047	SimCSE_crossencoder
417	Q0	2:99-101	3	11.603619	SimCSE_crossencoder
417	Q0	98:1-5	4	11.602075	SimCSE_crossencoder
417	Q0	6:112-113	5	11.599771	SimCSE_crossencoder
417	Q0	5:70-71	6	11.598776	SimCSE_crossencoder
417	Q0	51:7-14	7	11.598654	SimCSE_crossencoder
417	Q0	9:60-61	8	11.598607	SimCSE_crossencoder
417	Q0	29:46-47	9	11.597967	SimCSE_crossencoder
417	Q0	5:65-66	10	11.595471	SimCSE_crossencoder
418	Q0	96:1-5	1	11.605232	SimCSE_crossencoder
418	Q0	2:256-256	2	11.601114	SimCSE_crossencoder
418	Q0	9:32-33	3	11.593433	SimCSE_crossencoder
418	Q0	2:76-77	4	11.590878	SimCSE_crossencoder
418	Q0	60:8-9	5	11.585955	SimCSE_crossencoder
418	Q0	3:52-53	6	11.585416	SimCSE_crossencoder
418	Q0	29:46-47	7	11.581333	SimCSE_crossencoder
418	Q0	2:120-121	8	11.58032	SimCSE_crossencoder
418	Q0	2:89-90	9	11.580015	SimCSE_crossencoder
418	Q0	2:99-101	10	11.579725	SimCSE_crossencoder
421	Q0	11:109-111	1	11.598513	SimCSE_crossencoder
421	Q0	70:8-18	2	11.597881	SimCSE_crossencoder
421	Q0	43:1-8	3	11.597002	SimCSE_crossencoder
421	Q0	98:1-5	4	11.596294	SimCSE_crossencoder
421	Q0	28:44-46	5	11.595327	SimCSE_crossencoder
421	Q0	46:19-20	6	11.5944395	SimCSE_crossencoder
421	Q0	21:42-44	7	11.5924835	SimCSE_crossencoder
421	Q0	47:30-32	8	11.591163	SimCSE_crossencoder
421	Q0	26:1-9	9	11.58893	SimCSE_crossencoder
421	Q0	5:70-71	10	11.588301	SimCSE_crossencoder
422	Q0	70:8-18	1	11.615302	SimCSE_crossencoder
422	Q0	69:25-37	2	11.603053	SimCSE_crossencoder
422	Q0	26:192-212	3	11.602305	SimCSE_crossencoder
422	Q0	17:31-35	4	11.599144	SimCSE_crossencoder
422	Q0	17:71-77	5	11.597086	SimCSE_crossencoder
422	Q0	21:42-44	6	11.596433	SimCSE_crossencoder
422	Q0	21:36-41	7	11.5947075	SimCSE_crossencoder
422	Q0	77:1-15	8	11.593486	SimCSE_crossencoder
422	Q0	43:1-8	9	11.590384	SimCSE_crossencoder
422	Q0	27:67-75	10	11.588873	SimCSE_crossencoder
423	Q0	39:68-70	1	11.582059	SimCSE_crossencoder
423	Q0	24:1-3	2	11.580915	SimCSE_crossencoder
423	Q0	37:149-157	3	11.580816	SimCSE_crossencoder
423	Q0	21:42-44	4	11.580434	SimCSE_crossencoder
423	Q0	7:52-53	5	11.578667	SimCSE_crossencoder
423	Q0	11:38-40	6	11.578618	SimCSE_crossencoder
423	Q0	3:181-184	7	11.576746	SimCSE_crossencoder
423	Q0	23:1-11	8	11.576557	SimCSE_crossencoder
423	Q0	7:148-149	9	11.573666	SimCSE_crossencoder
423	Q0	4:64-65	10	11.57205	SimCSE_crossencoder
425	Q0	83:7-17	1	11.607666	SimCSE_crossencoder
425	Q0	70:8-18	2	11.60541	SimCSE_crossencoder
425	Q0	3:181-184	3	11.602049	SimCSE_crossencoder
425	Q0	26:192-212	4	11.593136	SimCSE_crossencoder
425	Q0	7:52-53	5	11.59298	SimCSE_crossencoder
425	Q0	45:16-20	6	11.591666	SimCSE_crossencoder
425	Q0	25:30-34	7	11.589436	SimCSE_crossencoder
425	Q0	10:74-78	8	11.588601	SimCSE_crossencoder
425	Q0	20:95-98	9	11.5811825	SimCSE_crossencoder
425	Q0	43:1-8	10	11.579001	SimCSE_crossencoder
426	Q0	4:137-139	1	11.600711	SimCSE_crossencoder
426	Q0	4:47-48	2	11.593596	SimCSE_crossencoder
426	Q0	4:88-89	3	11.593561	SimCSE_crossencoder
426	Q0	4:150-152	4	11.59352	SimCSE_crossencoder
426	Q0	2:89-90	5	11.5911255	SimCSE_crossencoder
426	Q0	3:23-25	6	11.591047	SimCSE_crossencoder
426	Q0	2:106-108	7	11.589588	SimCSE_crossencoder
426	Q0	2:99-101	8	11.589376	SimCSE_crossencoder
426	Q0	3:92-94	9	11.587006	SimCSE_crossencoder
426	Q0	33:56-58	10	11.58698	SimCSE_crossencoder
427	Q0	68:34-41	1	11.597822	SimCSE_crossencoder
427	Q0	3:23-25	2	11.597152	SimCSE_crossencoder
427	Q0	40:1-4	3	11.5966	SimCSE_crossencoder
427	Q0	43:1-8	4	11.596121	SimCSE_crossencoder
427	Q0	4:88-89	5	11.594656	SimCSE_crossencoder
427	Q0	2:120-121	6	11.594491	SimCSE_crossencoder
427	Q0	2:99-101	7	11.59408	SimCSE_crossencoder
427	Q0	10:94-97	8	11.593805	SimCSE_crossencoder
427	Q0	7:52-53	9	11.592352	SimCSE_crossencoder
427	Q0	5:57-58	10	11.591631	SimCSE_crossencoder
